threshold,objective,n,blocked,median_first_alarm
25,attack,400,1.0,6.0
25,boundary_probe,400,1.0,6.0
25,confidence_boost,400,1.0,6.0
25,counterfactual,400,1.0,5.0
25,noise,200,0.0,
25,random_walk,400,1.0,2.0
25,restore,400,1.0,6.0
25,shuffled,2000,0.0,
25,sweep,200,0.955,254.0
30,attack,400,1.0,18.0
30,boundary_probe,400,1.0,18.0
30,confidence_boost,400,1.0,18.0
30,counterfactual,400,1.0,18.0
30,noise,200,0.0,
30,random_walk,400,1.0,2.0
30,restore,400,1.0,18.0
30,shuffled,2000,0.0,
30,sweep,200,0.845,609.0
35,attack,400,1.0,18.0
35,boundary_probe,400,1.0,18.0
35,confidence_boost,400,1.0,18.0
35,counterfactual,400,1.0,18.0
35,noise,200,0.0,
35,random_walk,400,1.0,2.0
35,restore,400,1.0,18.0
35,shuffled,2000,0.0,
35,sweep,200,0.59,609.0
40,attack,400,1.0,18.0
40,boundary_probe,400,1.0,18.0
40,confidence_boost,400,1.0,18.0
40,counterfactual,400,1.0,18.0
40,noise,200,0.0,
40,random_walk,400,1.0,2.0
40,restore,400,1.0,18.0
40,shuffled,2000,0.0,
40,sweep,200,0.27,610.0
45,attack,400,1.0,52.0
45,boundary_probe,400,1.0,52.0
45,confidence_boost,400,0.9975,52.0
45,counterfactual,400,1.0,52.0
45,noise,200,0.0,
45,random_walk,400,1.0,4.5
45,restore,400,1.0,52.0
45,shuffled,2000,0.0,
45,sweep,200,0.085,611.0
48,attack,400,0.2925,375.0
48,boundary_probe,400,0.43,460.0
48,confidence_boost,400,0.275,485.5
48,counterfactual,400,0.3025,409.0
48,noise,200,0.0,
48,random_walk,400,0.9975,122.0
48,restore,400,0.325,383.5
48,shuffled,2000,0.0,
48,sweep,200,0.015,631.0
49,attack,400,0.03,400.5
49,boundary_probe,400,0.055,545.0
49,confidence_boost,400,0.0075,171.0
49,counterfactual,400,0.0125,290.0
49,noise,200,0.0,
49,random_walk,400,0.385,453.0
49,restore,400,0.0325,443.0
49,shuffled,2000,0.0,
49,sweep,200,0.005,617.0
