reference,target_fpr,detector,threshold,calibration_sessions,sessions_with_a_score,allowed_sessions,achieved_on_calibration
shuffled,0.01,blacklight,25.0,1000,1000,10,0.0
shuffled,0.01,gwad_plus,-inf,1000,0,10,0.0
shuffled,0.01,gwad,1.812055585211088e-05,1000,1000,10,0.01
shuffled,0.01,ljung_box,2.79907868189163,1000,1000,10,0.01
shuffled,0.001,blacklight,25.0,1000,1000,1,0.0
shuffled,0.001,gwad_plus,-inf,1000,0,1,0.0
shuffled,0.001,gwad,3.432615050919635e-05,1000,1000,1,0.001
shuffled,0.001,ljung_box,4.618851507607697,1000,1000,1,0.001
noise,0.01,blacklight,3.0,100,100,1,0.01
noise,0.01,gwad_plus,5.107448600279785,100,99,1,0.01
noise,0.01,gwad,5.107448600279785,100,100,1,0.01
noise,0.01,ljung_box,2.572770883171942,100,100,1,0.01
noise,0.001,blacklight,4.0,100,100,0,0.0
noise,0.001,gwad_plus,5.1419345256190985,100,99,0,0.0
noise,0.001,gwad,5.1419345256190985,100,100,0,0.0
noise,0.001,ljung_box,3.3536604547456994,100,100,0,0.0
sweep,0.01,blacklight,47.0,100,100,1,0.01
sweep,0.01,gwad_plus,12.0,100,100,1,0.0
sweep,0.01,gwad,12.0,100,100,1,0.0
sweep,0.01,ljung_box,300.0,100,100,1,0.0
sweep,0.001,blacklight,48.0,100,100,0,0.0
sweep,0.001,gwad_plus,12.0,100,100,0,0.0
sweep,0.001,gwad,12.0,100,100,0,0.0
sweep,0.001,ljung_box,300.0,100,100,0,0.0
