calibration,target_fpr,detector,threshold,workload,objective,n,blocked,blocked_lo,blocked_hi,median_first_alarm
native,,blacklight,25.0,clean,noise,200,0.0,1.734723475976807e-18,0.018845326377266575,
native,,blacklight,25.0,clean,shuffled,2000,0.0,1.0842021724855044e-19,0.001917047281252934,
native,,blacklight,25.0,clean,sweep,200,0.955,0.9167032959981803,0.976147456998507,254.0
native,,blacklight,25.0,deblur,attack,200,1.0,0.9811546736227335,1.0,6.0
native,,blacklight,25.0,deblur,boundary_probe,200,1.0,0.9811546736227335,1.0,6.0
native,,blacklight,25.0,deblur,confidence_boost,200,1.0,0.9811546736227335,1.0,6.0
native,,blacklight,25.0,deblur,counterfactual,200,1.0,0.9811546736227335,1.0,5.0
native,,blacklight,25.0,deblur,random_walk,200,1.0,0.9811546736227335,1.0,2.0
native,,blacklight,25.0,deblur,restore,200,1.0,0.9811546736227335,1.0,6.0
native,,blacklight,25.0,denoise,attack,200,1.0,0.9811546736227335,1.0,6.0
native,,blacklight,25.0,denoise,boundary_probe,200,1.0,0.9811546736227335,1.0,6.0
native,,blacklight,25.0,denoise,confidence_boost,200,1.0,0.9811546736227335,1.0,5.0
native,,blacklight,25.0,denoise,counterfactual,200,1.0,0.9811546736227335,1.0,5.0
native,,blacklight,25.0,denoise,random_walk,200,1.0,0.9811546736227335,1.0,2.0
native,,blacklight,25.0,denoise,restore,200,1.0,0.9811546736227335,1.0,5.0
native,,gwad_plus,native,clean,noise,200,0.99,0.9642782382838231,0.9972533418664555,259.0
native,,gwad_plus,native,clean,shuffled,2000,0.0,1.0842021724855044e-19,0.001917047281252934,
native,,gwad_plus,native,clean,sweep,200,1.0,0.9811546736227335,1.0,259.0
native,,gwad_plus,native,deblur,attack,200,1.0,0.9811546736227335,1.0,259.0
native,,gwad_plus,native,deblur,boundary_probe,200,1.0,0.9811546736227335,1.0,259.0
native,,gwad_plus,native,deblur,confidence_boost,200,1.0,0.9811546736227335,1.0,259.0
native,,gwad_plus,native,deblur,counterfactual,200,1.0,0.9811546736227335,1.0,259.0
native,,gwad_plus,native,deblur,random_walk,200,1.0,0.9811546736227335,1.0,259.0
native,,gwad_plus,native,deblur,restore,200,1.0,0.9811546736227335,1.0,259.0
native,,gwad_plus,native,denoise,attack,200,1.0,0.9811546736227335,1.0,259.0
native,,gwad_plus,native,denoise,boundary_probe,200,1.0,0.9811546736227335,1.0,259.0
native,,gwad_plus,native,denoise,confidence_boost,200,1.0,0.9811546736227335,1.0,259.0
native,,gwad_plus,native,denoise,counterfactual,200,1.0,0.9811546736227335,1.0,259.0
native,,gwad_plus,native,denoise,random_walk,200,1.0,0.9811546736227335,1.0,259.0
native,,gwad_plus,native,denoise,restore,200,1.0,0.9811546736227335,1.0,259.0
native,,gwad,native,clean,noise,200,1.0,0.9811546736227335,1.0,258.0
native,,gwad,native,clean,shuffled,2000,0.0,1.0842021724855044e-19,0.001917047281252934,
native,,gwad,native,clean,sweep,200,1.0,0.9811546736227335,1.0,258.0
native,,gwad,native,deblur,attack,200,1.0,0.9811546736227335,1.0,258.0
native,,gwad,native,deblur,boundary_probe,200,1.0,0.9811546736227335,1.0,258.0
native,,gwad,native,deblur,confidence_boost,200,1.0,0.9811546736227335,1.0,258.0
native,,gwad,native,deblur,counterfactual,200,1.0,0.9811546736227335,1.0,258.0
native,,gwad,native,deblur,random_walk,200,1.0,0.9811546736227335,1.0,258.0
native,,gwad,native,deblur,restore,200,1.0,0.9811546736227335,1.0,258.0
native,,gwad,native,denoise,attack,200,1.0,0.9811546736227335,1.0,258.0
native,,gwad,native,denoise,boundary_probe,200,1.0,0.9811546736227335,1.0,258.0
native,,gwad,native,denoise,confidence_boost,200,1.0,0.9811546736227335,1.0,258.0
native,,gwad,native,denoise,counterfactual,200,1.0,0.9811546736227335,1.0,258.0
native,,gwad,native,denoise,random_walk,200,1.0,0.9811546736227335,1.0,258.0
native,,gwad,native,denoise,restore,200,1.0,0.9811546736227335,1.0,258.0
native,,ljung_box,1.6020599913279623,clean,noise,200,0.12,0.08197992706375512,0.17234252098296743,256.0
native,,ljung_box,1.6020599913279623,clean,shuffled,2000,0.0875,0.07589362184323717,0.10068794216379648,256.0
native,,ljung_box,1.6020599913279623,clean,sweep,200,1.0,0.9811546736227335,1.0,128.0
native,,ljung_box,1.6020599913279623,deblur,attack,200,1.0,0.9811546736227335,1.0,128.0
native,,ljung_box,1.6020599913279623,deblur,boundary_probe,200,1.0,0.9811546736227335,1.0,128.0
native,,ljung_box,1.6020599913279623,deblur,confidence_boost,200,1.0,0.9811546736227335,1.0,128.0
native,,ljung_box,1.6020599913279623,deblur,counterfactual,200,1.0,0.9811546736227335,1.0,128.0
native,,ljung_box,1.6020599913279623,deblur,random_walk,200,1.0,0.9811546736227335,1.0,128.0
native,,ljung_box,1.6020599913279623,deblur,restore,200,1.0,0.9811546736227335,1.0,256.0
native,,ljung_box,1.6020599913279623,denoise,attack,200,1.0,0.9811546736227335,1.0,128.0
native,,ljung_box,1.6020599913279623,denoise,boundary_probe,200,1.0,0.9811546736227335,1.0,128.0
native,,ljung_box,1.6020599913279623,denoise,confidence_boost,200,1.0,0.9811546736227335,1.0,128.0
native,,ljung_box,1.6020599913279623,denoise,counterfactual,200,1.0,0.9811546736227335,1.0,128.0
native,,ljung_box,1.6020599913279623,denoise,random_walk,200,1.0,0.9811546736227335,1.0,128.0
native,,ljung_box,1.6020599913279623,denoise,restore,200,1.0,0.9811546736227335,1.0,128.0
cal_shuffled,0.01,blacklight,25.0,clean,noise,200,0.0,1.734723475976807e-18,0.018845326377266575,
cal_shuffled,0.01,blacklight,25.0,clean,shuffled,2000,0.0,1.0842021724855044e-19,0.001917047281252934,
cal_shuffled,0.01,blacklight,25.0,clean,sweep,200,0.955,0.9167032959981803,0.976147456998507,254.0
cal_shuffled,0.01,blacklight,25.0,deblur,attack,200,1.0,0.9811546736227335,1.0,6.0
cal_shuffled,0.01,blacklight,25.0,deblur,boundary_probe,200,1.0,0.9811546736227335,1.0,6.0
cal_shuffled,0.01,blacklight,25.0,deblur,confidence_boost,200,1.0,0.9811546736227335,1.0,6.0
cal_shuffled,0.01,blacklight,25.0,deblur,counterfactual,200,1.0,0.9811546736227335,1.0,5.0
cal_shuffled,0.01,blacklight,25.0,deblur,random_walk,200,1.0,0.9811546736227335,1.0,2.0
cal_shuffled,0.01,blacklight,25.0,deblur,restore,200,1.0,0.9811546736227335,1.0,6.0
cal_shuffled,0.01,blacklight,25.0,denoise,attack,200,1.0,0.9811546736227335,1.0,6.0
cal_shuffled,0.01,blacklight,25.0,denoise,boundary_probe,200,1.0,0.9811546736227335,1.0,6.0
cal_shuffled,0.01,blacklight,25.0,denoise,confidence_boost,200,1.0,0.9811546736227335,1.0,5.0
cal_shuffled,0.01,blacklight,25.0,denoise,counterfactual,200,1.0,0.9811546736227335,1.0,5.0
cal_shuffled,0.01,blacklight,25.0,denoise,random_walk,200,1.0,0.9811546736227335,1.0,2.0
cal_shuffled,0.01,blacklight,25.0,denoise,restore,200,1.0,0.9811546736227335,1.0,5.0
cal_shuffled,0.01,gwad_plus,-inf,clean,noise,200,0.99,0.9642782382838231,0.9972533418664555,259.0
cal_shuffled,0.01,gwad_plus,-inf,clean,shuffled,2000,0.0,1.0842021724855044e-19,0.001917047281252934,
cal_shuffled,0.01,gwad_plus,-inf,clean,sweep,200,1.0,0.9811546736227335,1.0,259.0
cal_shuffled,0.01,gwad_plus,-inf,deblur,attack,200,1.0,0.9811546736227335,1.0,259.0
cal_shuffled,0.01,gwad_plus,-inf,deblur,boundary_probe,200,1.0,0.9811546736227335,1.0,259.0
cal_shuffled,0.01,gwad_plus,-inf,deblur,confidence_boost,200,1.0,0.9811546736227335,1.0,259.0
cal_shuffled,0.01,gwad_plus,-inf,deblur,counterfactual,200,1.0,0.9811546736227335,1.0,259.0
cal_shuffled,0.01,gwad_plus,-inf,deblur,random_walk,200,1.0,0.9811546736227335,1.0,259.0
cal_shuffled,0.01,gwad_plus,-inf,deblur,restore,200,1.0,0.9811546736227335,1.0,259.0
cal_shuffled,0.01,gwad_plus,-inf,denoise,attack,200,1.0,0.9811546736227335,1.0,259.0
cal_shuffled,0.01,gwad_plus,-inf,denoise,boundary_probe,200,1.0,0.9811546736227335,1.0,259.0
cal_shuffled,0.01,gwad_plus,-inf,denoise,confidence_boost,200,1.0,0.9811546736227335,1.0,259.0
cal_shuffled,0.01,gwad_plus,-inf,denoise,counterfactual,200,1.0,0.9811546736227335,1.0,259.0
cal_shuffled,0.01,gwad_plus,-inf,denoise,random_walk,200,1.0,0.9811546736227335,1.0,259.0
cal_shuffled,0.01,gwad_plus,-inf,denoise,restore,200,1.0,0.9811546736227335,1.0,259.0
cal_shuffled,0.01,gwad,1.812055585211088e-05,clean,noise,200,1.0,0.9811546736227335,1.0,258.0
cal_shuffled,0.01,gwad,1.812055585211088e-05,clean,shuffled,2000,0.0155,0.010940972933704062,0.021916645881830028,696.0
cal_shuffled,0.01,gwad,1.812055585211088e-05,clean,sweep,200,1.0,0.9811546736227335,1.0,258.0
cal_shuffled,0.01,gwad,1.812055585211088e-05,deblur,attack,200,1.0,0.9811546736227335,1.0,258.0
cal_shuffled,0.01,gwad,1.812055585211088e-05,deblur,boundary_probe,200,1.0,0.9811546736227335,1.0,258.0
cal_shuffled,0.01,gwad,1.812055585211088e-05,deblur,confidence_boost,200,1.0,0.9811546736227335,1.0,258.0
cal_shuffled,0.01,gwad,1.812055585211088e-05,deblur,counterfactual,200,1.0,0.9811546736227335,1.0,258.0
cal_shuffled,0.01,gwad,1.812055585211088e-05,deblur,random_walk,200,1.0,0.9811546736227335,1.0,258.0
cal_shuffled,0.01,gwad,1.812055585211088e-05,deblur,restore,200,1.0,0.9811546736227335,1.0,258.0
cal_shuffled,0.01,gwad,1.812055585211088e-05,denoise,attack,200,1.0,0.9811546736227335,1.0,258.0
cal_shuffled,0.01,gwad,1.812055585211088e-05,denoise,boundary_probe,200,1.0,0.9811546736227335,1.0,258.0
cal_shuffled,0.01,gwad,1.812055585211088e-05,denoise,confidence_boost,200,1.0,0.9811546736227335,1.0,258.0
cal_shuffled,0.01,gwad,1.812055585211088e-05,denoise,counterfactual,200,1.0,0.9811546736227335,1.0,258.0
cal_shuffled,0.01,gwad,1.812055585211088e-05,denoise,random_walk,200,1.0,0.9811546736227335,1.0,258.0
cal_shuffled,0.01,gwad,1.812055585211088e-05,denoise,restore,200,1.0,0.9811546736227335,1.0,258.0
cal_shuffled,0.01,ljung_box,2.79907868189163,clean,noise,200,0.03,0.013820314340111346,0.06389429245451925,320.0
cal_shuffled,0.01,ljung_box,2.79907868189163,clean,shuffled,2000,0.012,0.008077154276022635,0.017793883870480226,256.0
cal_shuffled,0.01,ljung_box,2.79907868189163,clean,sweep,200,1.0,0.9811546736227335,1.0,128.0
cal_shuffled,0.01,ljung_box,2.79907868189163,deblur,attack,200,1.0,0.9811546736227335,1.0,128.0
cal_shuffled,0.01,ljung_box,2.79907868189163,deblur,boundary_probe,200,1.0,0.9811546736227335,1.0,128.0
cal_shuffled,0.01,ljung_box,2.79907868189163,deblur,confidence_boost,200,1.0,0.9811546736227335,1.0,128.0
cal_shuffled,0.01,ljung_box,2.79907868189163,deblur,counterfactual,200,1.0,0.9811546736227335,1.0,128.0
cal_shuffled,0.01,ljung_box,2.79907868189163,deblur,random_walk,200,1.0,0.9811546736227335,1.0,128.0
cal_shuffled,0.01,ljung_box,2.79907868189163,deblur,restore,200,0.98,0.9497129130941735,0.9921955735836505,512.0
cal_shuffled,0.01,ljung_box,2.79907868189163,denoise,attack,200,1.0,0.9811546736227335,1.0,128.0
cal_shuffled,0.01,ljung_box,2.79907868189163,denoise,boundary_probe,200,1.0,0.9811546736227335,1.0,128.0
cal_shuffled,0.01,ljung_box,2.79907868189163,denoise,confidence_boost,200,1.0,0.9811546736227335,1.0,128.0
cal_shuffled,0.01,ljung_box,2.79907868189163,denoise,counterfactual,200,1.0,0.9811546736227335,1.0,128.0
cal_shuffled,0.01,ljung_box,2.79907868189163,denoise,random_walk,200,1.0,0.9811546736227335,1.0,128.0
cal_shuffled,0.01,ljung_box,2.79907868189163,denoise,restore,200,1.0,0.9811546736227335,1.0,256.0
cal_shuffled,0.001,blacklight,25.0,clean,noise,200,0.0,1.734723475976807e-18,0.018845326377266575,
cal_shuffled,0.001,blacklight,25.0,clean,shuffled,2000,0.0,1.0842021724855044e-19,0.001917047281252934,
cal_shuffled,0.001,blacklight,25.0,clean,sweep,200,0.955,0.9167032959981803,0.976147456998507,254.0
cal_shuffled,0.001,blacklight,25.0,deblur,attack,200,1.0,0.9811546736227335,1.0,6.0
cal_shuffled,0.001,blacklight,25.0,deblur,boundary_probe,200,1.0,0.9811546736227335,1.0,6.0
cal_shuffled,0.001,blacklight,25.0,deblur,confidence_boost,200,1.0,0.9811546736227335,1.0,6.0
cal_shuffled,0.001,blacklight,25.0,deblur,counterfactual,200,1.0,0.9811546736227335,1.0,5.0
cal_shuffled,0.001,blacklight,25.0,deblur,random_walk,200,1.0,0.9811546736227335,1.0,2.0
cal_shuffled,0.001,blacklight,25.0,deblur,restore,200,1.0,0.9811546736227335,1.0,6.0
cal_shuffled,0.001,blacklight,25.0,denoise,attack,200,1.0,0.9811546736227335,1.0,6.0
cal_shuffled,0.001,blacklight,25.0,denoise,boundary_probe,200,1.0,0.9811546736227335,1.0,6.0
cal_shuffled,0.001,blacklight,25.0,denoise,confidence_boost,200,1.0,0.9811546736227335,1.0,5.0
cal_shuffled,0.001,blacklight,25.0,denoise,counterfactual,200,1.0,0.9811546736227335,1.0,5.0
cal_shuffled,0.001,blacklight,25.0,denoise,random_walk,200,1.0,0.9811546736227335,1.0,2.0
cal_shuffled,0.001,blacklight,25.0,denoise,restore,200,1.0,0.9811546736227335,1.0,5.0
cal_shuffled,0.001,gwad_plus,-inf,clean,noise,200,0.99,0.9642782382838231,0.9972533418664555,259.0
cal_shuffled,0.001,gwad_plus,-inf,clean,shuffled,2000,0.0,1.0842021724855044e-19,0.001917047281252934,
cal_shuffled,0.001,gwad_plus,-inf,clean,sweep,200,1.0,0.9811546736227335,1.0,259.0
cal_shuffled,0.001,gwad_plus,-inf,deblur,attack,200,1.0,0.9811546736227335,1.0,259.0
cal_shuffled,0.001,gwad_plus,-inf,deblur,boundary_probe,200,1.0,0.9811546736227335,1.0,259.0
cal_shuffled,0.001,gwad_plus,-inf,deblur,confidence_boost,200,1.0,0.9811546736227335,1.0,259.0
cal_shuffled,0.001,gwad_plus,-inf,deblur,counterfactual,200,1.0,0.9811546736227335,1.0,259.0
cal_shuffled,0.001,gwad_plus,-inf,deblur,random_walk,200,1.0,0.9811546736227335,1.0,259.0
cal_shuffled,0.001,gwad_plus,-inf,deblur,restore,200,1.0,0.9811546736227335,1.0,259.0
cal_shuffled,0.001,gwad_plus,-inf,denoise,attack,200,1.0,0.9811546736227335,1.0,259.0
cal_shuffled,0.001,gwad_plus,-inf,denoise,boundary_probe,200,1.0,0.9811546736227335,1.0,259.0
cal_shuffled,0.001,gwad_plus,-inf,denoise,confidence_boost,200,1.0,0.9811546736227335,1.0,259.0
cal_shuffled,0.001,gwad_plus,-inf,denoise,counterfactual,200,1.0,0.9811546736227335,1.0,259.0
cal_shuffled,0.001,gwad_plus,-inf,denoise,random_walk,200,1.0,0.9811546736227335,1.0,259.0
cal_shuffled,0.001,gwad_plus,-inf,denoise,restore,200,1.0,0.9811546736227335,1.0,259.0
cal_shuffled,0.001,gwad,3.432615050919635e-05,clean,noise,200,1.0,0.9811546736227335,1.0,258.0
cal_shuffled,0.001,gwad,3.432615050919635e-05,clean,shuffled,2000,0.008,0.0049302968532159265,0.012956077671536958,689.0
cal_shuffled,0.001,gwad,3.432615050919635e-05,clean,sweep,200,1.0,0.9811546736227335,1.0,258.0
cal_shuffled,0.001,gwad,3.432615050919635e-05,deblur,attack,200,1.0,0.9811546736227335,1.0,258.0
cal_shuffled,0.001,gwad,3.432615050919635e-05,deblur,boundary_probe,200,1.0,0.9811546736227335,1.0,258.0
cal_shuffled,0.001,gwad,3.432615050919635e-05,deblur,confidence_boost,200,1.0,0.9811546736227335,1.0,258.0
cal_shuffled,0.001,gwad,3.432615050919635e-05,deblur,counterfactual,200,1.0,0.9811546736227335,1.0,258.0
cal_shuffled,0.001,gwad,3.432615050919635e-05,deblur,random_walk,200,1.0,0.9811546736227335,1.0,258.0
cal_shuffled,0.001,gwad,3.432615050919635e-05,deblur,restore,200,1.0,0.9811546736227335,1.0,258.0
cal_shuffled,0.001,gwad,3.432615050919635e-05,denoise,attack,200,1.0,0.9811546736227335,1.0,258.0
cal_shuffled,0.001,gwad,3.432615050919635e-05,denoise,boundary_probe,200,1.0,0.9811546736227335,1.0,258.0
cal_shuffled,0.001,gwad,3.432615050919635e-05,denoise,confidence_boost,200,1.0,0.9811546736227335,1.0,258.0
cal_shuffled,0.001,gwad,3.432615050919635e-05,denoise,counterfactual,200,1.0,0.9811546736227335,1.0,258.0
cal_shuffled,0.001,gwad,3.432615050919635e-05,denoise,random_walk,200,1.0,0.9811546736227335,1.0,258.0
cal_shuffled,0.001,gwad,3.432615050919635e-05,denoise,restore,200,1.0,0.9811546736227335,1.0,258.0
cal_shuffled,0.001,ljung_box,4.618851507607697,clean,noise,200,0.01,0.0027466581335444384,0.0357217617161768,768.0
cal_shuffled,0.001,ljung_box,4.618851507607697,clean,shuffled,2000,0.002,0.0007780273070510575,0.005131351785076866,192.0
cal_shuffled,0.001,ljung_box,4.618851507607697,clean,sweep,200,1.0,0.9811546736227335,1.0,128.0
cal_shuffled,0.001,ljung_box,4.618851507607697,deblur,attack,200,1.0,0.9811546736227335,1.0,128.0
cal_shuffled,0.001,ljung_box,4.618851507607697,deblur,boundary_probe,200,1.0,0.9811546736227335,1.0,128.0
cal_shuffled,0.001,ljung_box,4.618851507607697,deblur,confidence_boost,200,1.0,0.9811546736227335,1.0,256.0
cal_shuffled,0.001,ljung_box,4.618851507607697,deblur,counterfactual,200,1.0,0.9811546736227335,1.0,128.0
cal_shuffled,0.001,ljung_box,4.618851507607697,deblur,random_walk,200,1.0,0.9811546736227335,1.0,128.0
cal_shuffled,0.001,ljung_box,4.618851507607697,deblur,restore,200,0.97,0.9361057075454807,0.9861796856598887,512.0
cal_shuffled,0.001,ljung_box,4.618851507607697,denoise,attack,200,1.0,0.9811546736227335,1.0,128.0
cal_shuffled,0.001,ljung_box,4.618851507607697,denoise,boundary_probe,200,1.0,0.9811546736227335,1.0,128.0
cal_shuffled,0.001,ljung_box,4.618851507607697,denoise,confidence_boost,200,1.0,0.9811546736227335,1.0,128.0
cal_shuffled,0.001,ljung_box,4.618851507607697,denoise,counterfactual,200,1.0,0.9811546736227335,1.0,128.0
cal_shuffled,0.001,ljung_box,4.618851507607697,denoise,random_walk,200,1.0,0.9811546736227335,1.0,128.0
cal_shuffled,0.001,ljung_box,4.618851507607697,denoise,restore,200,1.0,0.9811546736227335,1.0,256.0
cal_noise,0.01,blacklight,3.0,clean,noise,200,0.01,0.0027466581335444384,0.0357217617161768,527.5
cal_noise,0.01,blacklight,3.0,clean,shuffled,2000,1.0,0.9980829527187469,0.9999999999999998,74.0
cal_noise,0.01,blacklight,3.0,clean,sweep,200,1.0,0.9811546736227335,1.0,2.0
cal_noise,0.01,blacklight,3.0,deblur,attack,200,1.0,0.9811546736227335,1.0,2.0
cal_noise,0.01,blacklight,3.0,deblur,boundary_probe,200,1.0,0.9811546736227335,1.0,2.0
cal_noise,0.01,blacklight,3.0,deblur,confidence_boost,200,1.0,0.9811546736227335,1.0,2.0
cal_noise,0.01,blacklight,3.0,deblur,counterfactual,200,1.0,0.9811546736227335,1.0,2.0
cal_noise,0.01,blacklight,3.0,deblur,random_walk,200,1.0,0.9811546736227335,1.0,2.0
cal_noise,0.01,blacklight,3.0,deblur,restore,200,1.0,0.9811546736227335,1.0,2.0
cal_noise,0.01,blacklight,3.0,denoise,attack,200,1.0,0.9811546736227335,1.0,2.0
cal_noise,0.01,blacklight,3.0,denoise,boundary_probe,200,1.0,0.9811546736227335,1.0,2.0
cal_noise,0.01,blacklight,3.0,denoise,confidence_boost,200,1.0,0.9811546736227335,1.0,2.0
cal_noise,0.01,blacklight,3.0,denoise,counterfactual,200,1.0,0.9811546736227335,1.0,2.0
cal_noise,0.01,blacklight,3.0,denoise,random_walk,200,1.0,0.9811546736227335,1.0,2.0
cal_noise,0.01,blacklight,3.0,denoise,restore,200,1.0,0.9811546736227335,1.0,2.0
cal_noise,0.01,gwad_plus,5.107448600279785,clean,noise,200,0.025,0.010724719651761264,0.05717834040664198,758.0
cal_noise,0.01,gwad_plus,5.107448600279785,clean,shuffled,2000,0.0,1.0842021724855044e-19,0.001917047281252934,
cal_noise,0.01,gwad_plus,5.107448600279785,clean,sweep,200,1.0,0.9811546736227335,1.0,259.0
cal_noise,0.01,gwad_plus,5.107448600279785,deblur,attack,200,0.99,0.9642782382838231,0.9972533418664555,280.5
cal_noise,0.01,gwad_plus,5.107448600279785,deblur,boundary_probe,200,1.0,0.9811546736227335,1.0,291.0
cal_noise,0.01,gwad_plus,5.107448600279785,deblur,confidence_boost,200,0.995,0.9722262956021069,0.9991168312843989,274.0
cal_noise,0.01,gwad_plus,5.107448600279785,deblur,counterfactual,200,0.99,0.9642782382838231,0.9972533418664555,301.0
cal_noise,0.01,gwad_plus,5.107448600279785,deblur,random_walk,200,0.75,0.6856590168795417,0.8049183199318249,272.5
cal_noise,0.01,gwad_plus,5.107448600279785,deblur,restore,200,1.0,0.9811546736227335,1.0,288.0
cal_noise,0.01,gwad_plus,5.107448600279785,denoise,attack,200,0.995,0.9722262956021069,0.9991168312843989,271.0
cal_noise,0.01,gwad_plus,5.107448600279785,denoise,boundary_probe,200,0.975,0.942821659593358,0.9892752803482386,272.0
cal_noise,0.01,gwad_plus,5.107448600279785,denoise,confidence_boost,200,0.995,0.9722262956021069,0.9991168312843989,268.0
cal_noise,0.01,gwad_plus,5.107448600279785,denoise,counterfactual,200,0.995,0.9722262956021069,0.9991168312843989,291.0
cal_noise,0.01,gwad_plus,5.107448600279785,denoise,random_walk,200,0.68,0.6124810156588646,0.7407346668453195,262.0
cal_noise,0.01,gwad_plus,5.107448600279785,denoise,restore,200,1.0,0.9811546736227335,1.0,266.0
cal_noise,0.01,gwad,5.107448600279785,clean,noise,200,0.025,0.010724719651761264,0.05717834040664198,758.0
cal_noise,0.01,gwad,5.107448600279785,clean,shuffled,2000,0.0,1.0842021724855044e-19,0.001917047281252934,
cal_noise,0.01,gwad,5.107448600279785,clean,sweep,200,1.0,0.9811546736227335,1.0,258.0
cal_noise,0.01,gwad,5.107448600279785,deblur,attack,200,0.99,0.9642782382838231,0.9972533418664555,277.0
cal_noise,0.01,gwad,5.107448600279785,deblur,boundary_probe,200,1.0,0.9811546736227335,1.0,291.0
cal_noise,0.01,gwad,5.107448600279785,deblur,confidence_boost,200,0.995,0.9722262956021069,0.9991168312843989,274.0
cal_noise,0.01,gwad,5.107448600279785,deblur,counterfactual,200,0.99,0.9642782382838231,0.9972533418664555,301.0
cal_noise,0.01,gwad,5.107448600279785,deblur,random_walk,200,0.75,0.6856590168795417,0.8049183199318249,272.5
cal_noise,0.01,gwad,5.107448600279785,deblur,restore,200,1.0,0.9811546736227335,1.0,287.0
cal_noise,0.01,gwad,5.107448600279785,denoise,attack,200,0.995,0.9722262956021069,0.9991168312843989,268.0
cal_noise,0.01,gwad,5.107448600279785,denoise,boundary_probe,200,0.975,0.942821659593358,0.9892752803482386,271.0
cal_noise,0.01,gwad,5.107448600279785,denoise,confidence_boost,200,0.995,0.9722262956021069,0.9991168312843989,268.0
cal_noise,0.01,gwad,5.107448600279785,denoise,counterfactual,200,0.995,0.9722262956021069,0.9991168312843989,290.0
cal_noise,0.01,gwad,5.107448600279785,denoise,random_walk,200,0.685,0.6176504391426966,0.745376790097715,262.0
cal_noise,0.01,gwad,5.107448600279785,denoise,restore,200,1.0,0.9811546736227335,1.0,265.5
cal_noise,0.01,ljung_box,2.572770883171942,clean,noise,200,0.04,0.020405632066152306,0.07693206820093293,384.0
cal_noise,0.01,ljung_box,2.572770883171942,clean,shuffled,2000,0.0175,0.012609752959581211,0.024240197666827872,256.0
cal_noise,0.01,ljung_box,2.572770883171942,clean,sweep,200,1.0,0.9811546736227335,1.0,128.0
cal_noise,0.01,ljung_box,2.572770883171942,deblur,attack,200,1.0,0.9811546736227335,1.0,128.0
cal_noise,0.01,ljung_box,2.572770883171942,deblur,boundary_probe,200,1.0,0.9811546736227335,1.0,128.0
cal_noise,0.01,ljung_box,2.572770883171942,deblur,confidence_boost,200,1.0,0.9811546736227335,1.0,128.0
cal_noise,0.01,ljung_box,2.572770883171942,deblur,counterfactual,200,1.0,0.9811546736227335,1.0,128.0
cal_noise,0.01,ljung_box,2.572770883171942,deblur,random_walk,200,1.0,0.9811546736227335,1.0,128.0
cal_noise,0.01,ljung_box,2.572770883171942,deblur,restore,200,0.985,0.9568342712073097,0.9948857622067417,512.0
cal_noise,0.01,ljung_box,2.572770883171942,denoise,attack,200,1.0,0.9811546736227335,1.0,128.0
cal_noise,0.01,ljung_box,2.572770883171942,denoise,boundary_probe,200,1.0,0.9811546736227335,1.0,128.0
cal_noise,0.01,ljung_box,2.572770883171942,denoise,confidence_boost,200,1.0,0.9811546736227335,1.0,128.0
cal_noise,0.01,ljung_box,2.572770883171942,denoise,counterfactual,200,1.0,0.9811546736227335,1.0,128.0
cal_noise,0.01,ljung_box,2.572770883171942,denoise,random_walk,200,1.0,0.9811546736227335,1.0,128.0
cal_noise,0.01,ljung_box,2.572770883171942,denoise,restore,200,1.0,0.9811546736227335,1.0,192.0
cal_noise,0.001,blacklight,4.0,clean,noise,200,0.0,1.734723475976807e-18,0.018845326377266575,
cal_noise,0.001,blacklight,4.0,clean,shuffled,2000,1.0,0.9980829527187469,0.9999999999999998,106.0
cal_noise,0.001,blacklight,4.0,clean,sweep,200,1.0,0.9811546736227335,1.0,2.0
cal_noise,0.001,blacklight,4.0,deblur,attack,200,1.0,0.9811546736227335,1.0,2.0
cal_noise,0.001,blacklight,4.0,deblur,boundary_probe,200,1.0,0.9811546736227335,1.0,2.0
cal_noise,0.001,blacklight,4.0,deblur,confidence_boost,200,1.0,0.9811546736227335,1.0,2.0
cal_noise,0.001,blacklight,4.0,deblur,counterfactual,200,1.0,0.9811546736227335,1.0,2.0
cal_noise,0.001,blacklight,4.0,deblur,random_walk,200,1.0,0.9811546736227335,1.0,2.0
cal_noise,0.001,blacklight,4.0,deblur,restore,200,1.0,0.9811546736227335,1.0,2.0
cal_noise,0.001,blacklight,4.0,denoise,attack,200,1.0,0.9811546736227335,1.0,2.0
cal_noise,0.001,blacklight,4.0,denoise,boundary_probe,200,1.0,0.9811546736227335,1.0,2.0
cal_noise,0.001,blacklight,4.0,denoise,confidence_boost,200,1.0,0.9811546736227335,1.0,2.0
cal_noise,0.001,blacklight,4.0,denoise,counterfactual,200,1.0,0.9811546736227335,1.0,2.0
cal_noise,0.001,blacklight,4.0,denoise,random_walk,200,1.0,0.9811546736227335,1.0,2.0
cal_noise,0.001,blacklight,4.0,denoise,restore,200,1.0,0.9811546736227335,1.0,2.0
cal_noise,0.001,gwad_plus,5.1419345256190985,clean,noise,200,0.015,0.00511423779325831,0.04316572879269026,798.0
cal_noise,0.001,gwad_plus,5.1419345256190985,clean,shuffled,2000,0.0,1.0842021724855044e-19,0.001917047281252934,
cal_noise,0.001,gwad_plus,5.1419345256190985,clean,sweep,200,1.0,0.9811546736227335,1.0,259.0
cal_noise,0.001,gwad_plus,5.1419345256190985,deblur,attack,200,0.98,0.9497129130941735,0.9921955735836505,287.0
cal_noise,0.001,gwad_plus,5.1419345256190985,deblur,boundary_probe,200,0.995,0.9722262956021069,0.9991168312843989,320.0
cal_noise,0.001,gwad_plus,5.1419345256190985,deblur,confidence_boost,200,0.99,0.9642782382838231,0.9972533418664555,288.5
cal_noise,0.001,gwad_plus,5.1419345256190985,deblur,counterfactual,200,0.985,0.9568342712073097,0.9948857622067417,322.0
cal_noise,0.001,gwad_plus,5.1419345256190985,deblur,random_walk,200,0.715,0.6488465397039482,0.7730499699538271,274.0
cal_noise,0.001,gwad_plus,5.1419345256190985,deblur,restore,200,1.0,0.9811546736227335,1.0,291.0
cal_noise,0.001,gwad_plus,5.1419345256190985,denoise,attack,200,0.99,0.9642782382838231,0.9972533418664555,274.0
cal_noise,0.001,gwad_plus,5.1419345256190985,denoise,boundary_probe,200,0.975,0.942821659593358,0.9892752803482386,278.0
cal_noise,0.001,gwad_plus,5.1419345256190985,denoise,confidence_boost,200,0.99,0.9642782382838231,0.9972533418664555,275.5
cal_noise,0.001,gwad_plus,5.1419345256190985,denoise,counterfactual,200,0.995,0.9722262956021069,0.9991168312843989,297.0
cal_noise,0.001,gwad_plus,5.1419345256190985,denoise,random_walk,200,0.66,0.5918849552683626,0.7220845402909121,265.0
cal_noise,0.001,gwad_plus,5.1419345256190985,denoise,restore,200,0.995,0.9722262956021069,0.9991168312843989,269.0
cal_noise,0.001,gwad,5.1419345256190985,clean,noise,200,0.015,0.00511423779325831,0.04316572879269026,798.0
cal_noise,0.001,gwad,5.1419345256190985,clean,shuffled,2000,0.0,1.0842021724855044e-19,0.001917047281252934,
cal_noise,0.001,gwad,5.1419345256190985,clean,sweep,200,1.0,0.9811546736227335,1.0,258.0
cal_noise,0.001,gwad,5.1419345256190985,deblur,attack,200,0.98,0.9497129130941735,0.9921955735836505,287.0
cal_noise,0.001,gwad,5.1419345256190985,deblur,boundary_probe,200,0.995,0.9722262956021069,0.9991168312843989,316.0
cal_noise,0.001,gwad,5.1419345256190985,deblur,confidence_boost,200,0.99,0.9642782382838231,0.9972533418664555,288.5
cal_noise,0.001,gwad,5.1419345256190985,deblur,counterfactual,200,0.985,0.9568342712073097,0.9948857622067417,322.0
cal_noise,0.001,gwad,5.1419345256190985,deblur,random_walk,200,0.715,0.6488465397039482,0.7730499699538271,274.0
cal_noise,0.001,gwad,5.1419345256190985,deblur,restore,200,1.0,0.9811546736227335,1.0,291.0
cal_noise,0.001,gwad,5.1419345256190985,denoise,attack,200,0.99,0.9642782382838231,0.9972533418664555,273.0
cal_noise,0.001,gwad,5.1419345256190985,denoise,boundary_probe,200,0.975,0.942821659593358,0.9892752803482386,273.0
cal_noise,0.001,gwad,5.1419345256190985,denoise,confidence_boost,200,0.995,0.9722262956021069,0.9991168312843989,273.0
cal_noise,0.001,gwad,5.1419345256190985,denoise,counterfactual,200,0.995,0.9722262956021069,0.9991168312843989,297.0
cal_noise,0.001,gwad,5.1419345256190985,denoise,random_walk,200,0.665,0.5970219120796653,0.7267591302158368,265.0
cal_noise,0.001,gwad,5.1419345256190985,denoise,restore,200,0.995,0.9722262956021069,0.9991168312843989,269.0
cal_noise,0.001,ljung_box,3.3536604547456994,clean,noise,200,0.02,0.0078044264163494685,0.050287086905826436,512.0
cal_noise,0.001,ljung_box,3.3536604547456994,clean,shuffled,2000,0.0055,0.003073897009543817,0.009822062751615332,256.0
cal_noise,0.001,ljung_box,3.3536604547456994,clean,sweep,200,1.0,0.9811546736227335,1.0,128.0
cal_noise,0.001,ljung_box,3.3536604547456994,deblur,attack,200,1.0,0.9811546736227335,1.0,128.0
cal_noise,0.001,ljung_box,3.3536604547456994,deblur,boundary_probe,200,1.0,0.9811546736227335,1.0,128.0
cal_noise,0.001,ljung_box,3.3536604547456994,deblur,confidence_boost,200,1.0,0.9811546736227335,1.0,128.0
cal_noise,0.001,ljung_box,3.3536604547456994,deblur,counterfactual,200,1.0,0.9811546736227335,1.0,128.0
cal_noise,0.001,ljung_box,3.3536604547456994,deblur,random_walk,200,1.0,0.9811546736227335,1.0,128.0
cal_noise,0.001,ljung_box,3.3536604547456994,deblur,restore,200,0.975,0.942821659593358,0.9892752803482386,512.0
cal_noise,0.001,ljung_box,3.3536604547456994,denoise,attack,200,1.0,0.9811546736227335,1.0,128.0
cal_noise,0.001,ljung_box,3.3536604547456994,denoise,boundary_probe,200,1.0,0.9811546736227335,1.0,128.0
cal_noise,0.001,ljung_box,3.3536604547456994,denoise,confidence_boost,200,1.0,0.9811546736227335,1.0,128.0
cal_noise,0.001,ljung_box,3.3536604547456994,denoise,counterfactual,200,1.0,0.9811546736227335,1.0,128.0
cal_noise,0.001,ljung_box,3.3536604547456994,denoise,random_walk,200,1.0,0.9811546736227335,1.0,128.0
cal_noise,0.001,ljung_box,3.3536604547456994,denoise,restore,200,1.0,0.9811546736227335,1.0,256.0
cal_sweep,0.01,blacklight,47.0,clean,noise,200,0.0,1.734723475976807e-18,0.018845326377266575,
cal_sweep,0.01,blacklight,47.0,clean,shuffled,2000,0.0,1.0842021724855044e-19,0.001917047281252934,
cal_sweep,0.01,blacklight,47.0,clean,sweep,200,0.04,0.020405632066152306,0.07693206820093293,620.0
cal_sweep,0.01,blacklight,47.0,deblur,attack,200,0.82,0.7608852497127511,0.8670537414057983,281.5
cal_sweep,0.01,blacklight,47.0,deblur,boundary_probe,200,0.87,0.8163364812775159,0.9097179772033067,307.0
cal_sweep,0.01,blacklight,47.0,deblur,confidence_boost,200,0.745,0.6803707417954529,0.8003950482796865,256.0
cal_sweep,0.01,blacklight,47.0,deblur,counterfactual,200,0.86,0.8051011913429243,0.9013301736654437,324.0
cal_sweep,0.01,blacklight,47.0,deblur,random_walk,200,1.0,0.9811546736227335,1.0,21.0
cal_sweep,0.01,blacklight,47.0,deblur,restore,200,0.77,0.7069169563469642,0.8229065674093119,256.0
cal_sweep,0.01,blacklight,47.0,denoise,attack,200,0.8,0.7391448134346212,0.8495479907390189,256.0
cal_sweep,0.01,blacklight,47.0,denoise,boundary_probe,200,0.87,0.8163364812775159,0.9097179772033067,375.0
cal_sweep,0.01,blacklight,47.0,denoise,confidence_boost,200,0.825,0.7663556885175099,0.8713948493372666,290.0
cal_sweep,0.01,blacklight,47.0,denoise,counterfactual,200,0.805,0.7445595562538726,0.8539447946559949,290.0
cal_sweep,0.01,blacklight,47.0,denoise,random_walk,200,1.0,0.9811546736227335,1.0,23.0
cal_sweep,0.01,blacklight,47.0,denoise,restore,200,0.785,0.7229769265100339,0.8362812374549242,239.0
cal_sweep,0.01,gwad_plus,12.0,clean,noise,200,0.0,1.734723475976807e-18,0.018845326377266575,
cal_sweep,0.01,gwad_plus,12.0,clean,shuffled,2000,0.0,1.0842021724855044e-19,0.001917047281252934,
cal_sweep,0.01,gwad_plus,12.0,clean,sweep,200,0.0,1.734723475976807e-18,0.018845326377266575,
cal_sweep,0.01,gwad_plus,12.0,deblur,attack,200,0.0,1.734723475976807e-18,0.018845326377266575,
cal_sweep,0.01,gwad_plus,12.0,deblur,boundary_probe,200,0.0,1.734723475976807e-18,0.018845326377266575,
cal_sweep,0.01,gwad_plus,12.0,deblur,confidence_boost,200,0.0,1.734723475976807e-18,0.018845326377266575,
cal_sweep,0.01,gwad_plus,12.0,deblur,counterfactual,200,0.0,1.734723475976807e-18,0.018845326377266575,
cal_sweep,0.01,gwad_plus,12.0,deblur,random_walk,200,0.0,1.734723475976807e-18,0.018845326377266575,
cal_sweep,0.01,gwad_plus,12.0,deblur,restore,200,0.0,1.734723475976807e-18,0.018845326377266575,
cal_sweep,0.01,gwad_plus,12.0,denoise,attack,200,0.0,1.734723475976807e-18,0.018845326377266575,
cal_sweep,0.01,gwad_plus,12.0,denoise,boundary_probe,200,0.0,1.734723475976807e-18,0.018845326377266575,
cal_sweep,0.01,gwad_plus,12.0,denoise,confidence_boost,200,0.0,1.734723475976807e-18,0.018845326377266575,
cal_sweep,0.01,gwad_plus,12.0,denoise,counterfactual,200,0.0,1.734723475976807e-18,0.018845326377266575,
cal_sweep,0.01,gwad_plus,12.0,denoise,random_walk,200,0.0,1.734723475976807e-18,0.018845326377266575,
cal_sweep,0.01,gwad_plus,12.0,denoise,restore,200,0.0,1.734723475976807e-18,0.018845326377266575,
cal_sweep,0.01,gwad,12.0,clean,noise,200,0.0,1.734723475976807e-18,0.018845326377266575,
cal_sweep,0.01,gwad,12.0,clean,shuffled,2000,0.0,1.0842021724855044e-19,0.001917047281252934,
cal_sweep,0.01,gwad,12.0,clean,sweep,200,0.0,1.734723475976807e-18,0.018845326377266575,
cal_sweep,0.01,gwad,12.0,deblur,attack,200,0.0,1.734723475976807e-18,0.018845326377266575,
cal_sweep,0.01,gwad,12.0,deblur,boundary_probe,200,0.0,1.734723475976807e-18,0.018845326377266575,
cal_sweep,0.01,gwad,12.0,deblur,confidence_boost,200,0.0,1.734723475976807e-18,0.018845326377266575,
cal_sweep,0.01,gwad,12.0,deblur,counterfactual,200,0.0,1.734723475976807e-18,0.018845326377266575,
cal_sweep,0.01,gwad,12.0,deblur,random_walk,200,0.0,1.734723475976807e-18,0.018845326377266575,
cal_sweep,0.01,gwad,12.0,deblur,restore,200,0.0,1.734723475976807e-18,0.018845326377266575,
cal_sweep,0.01,gwad,12.0,denoise,attack,200,0.0,1.734723475976807e-18,0.018845326377266575,
cal_sweep,0.01,gwad,12.0,denoise,boundary_probe,200,0.0,1.734723475976807e-18,0.018845326377266575,
cal_sweep,0.01,gwad,12.0,denoise,confidence_boost,200,0.0,1.734723475976807e-18,0.018845326377266575,
cal_sweep,0.01,gwad,12.0,denoise,counterfactual,200,0.0,1.734723475976807e-18,0.018845326377266575,
cal_sweep,0.01,gwad,12.0,denoise,random_walk,200,0.0,1.734723475976807e-18,0.018845326377266575,
cal_sweep,0.01,gwad,12.0,denoise,restore,200,0.0,1.734723475976807e-18,0.018845326377266575,
cal_sweep,0.01,ljung_box,300.0,clean,noise,200,0.0,1.734723475976807e-18,0.018845326377266575,
cal_sweep,0.01,ljung_box,300.0,clean,shuffled,2000,0.0,1.0842021724855044e-19,0.001917047281252934,
cal_sweep,0.01,ljung_box,300.0,clean,sweep,200,0.0,1.734723475976807e-18,0.018845326377266575,
cal_sweep,0.01,ljung_box,300.0,deblur,attack,200,0.0,1.734723475976807e-18,0.018845326377266575,
cal_sweep,0.01,ljung_box,300.0,deblur,boundary_probe,200,0.0,1.734723475976807e-18,0.018845326377266575,
cal_sweep,0.01,ljung_box,300.0,deblur,confidence_boost,200,0.0,1.734723475976807e-18,0.018845326377266575,
cal_sweep,0.01,ljung_box,300.0,deblur,counterfactual,200,0.0,1.734723475976807e-18,0.018845326377266575,
cal_sweep,0.01,ljung_box,300.0,deblur,random_walk,200,0.0,1.734723475976807e-18,0.018845326377266575,
cal_sweep,0.01,ljung_box,300.0,deblur,restore,200,0.0,1.734723475976807e-18,0.018845326377266575,
cal_sweep,0.01,ljung_box,300.0,denoise,attack,200,0.0,1.734723475976807e-18,0.018845326377266575,
cal_sweep,0.01,ljung_box,300.0,denoise,boundary_probe,200,0.0,1.734723475976807e-18,0.018845326377266575,
cal_sweep,0.01,ljung_box,300.0,denoise,confidence_boost,200,0.0,1.734723475976807e-18,0.018845326377266575,
cal_sweep,0.01,ljung_box,300.0,denoise,counterfactual,200,0.0,1.734723475976807e-18,0.018845326377266575,
cal_sweep,0.01,ljung_box,300.0,denoise,random_walk,200,0.0,1.734723475976807e-18,0.018845326377266575,
cal_sweep,0.01,ljung_box,300.0,denoise,restore,200,0.0,1.734723475976807e-18,0.018845326377266575,
cal_sweep,0.001,blacklight,48.0,clean,noise,200,0.0,1.734723475976807e-18,0.018845326377266575,
cal_sweep,0.001,blacklight,48.0,clean,shuffled,2000,0.0,1.0842021724855044e-19,0.001917047281252934,
cal_sweep,0.001,blacklight,48.0,clean,sweep,200,0.015,0.00511423779325831,0.04316572879269026,631.0
cal_sweep,0.001,blacklight,48.0,deblur,attack,200,0.3,0.24074744682371402,0.36679068372719265,383.5
cal_sweep,0.001,blacklight,48.0,deblur,boundary_probe,200,0.42,0.35373599161616726,0.4892792606041954,545.0
cal_sweep,0.001,blacklight,48.0,deblur,confidence_boost,200,0.265,0.2086815414710911,0.3301757619262242,579.0
cal_sweep,0.001,blacklight,48.0,deblur,counterfactual,200,0.315,0.2546232099022851,0.3823495608573036,409.0
cal_sweep,0.001,blacklight,48.0,deblur,random_walk,200,1.0,0.9811546736227335,1.0,98.0
cal_sweep,0.001,blacklight,48.0,deblur,restore,200,0.305,0.24536415630735034,0.37198552097978366,341.0
cal_sweep,0.001,blacklight,48.0,denoise,attack,200,0.285,0.22695003004617292,0.3511534602960517,375.0
cal_sweep,0.001,blacklight,48.0,denoise,boundary_probe,200,0.44,0.37297819251185865,0.5092832466534134,443.0
cal_sweep,0.001,blacklight,48.0,denoise,confidence_boost,200,0.285,0.22695003004617292,0.3511534602960517,426.0
cal_sweep,0.001,blacklight,48.0,denoise,counterfactual,200,0.29,0.23154025607067882,0.3563747810077731,409.0
cal_sweep,0.001,blacklight,48.0,denoise,random_walk,200,0.995,0.9722262956021069,0.9991168312843989,148.0
cal_sweep,0.001,blacklight,48.0,denoise,restore,200,0.345,0.2825979437674894,0.4132441074094632,443.0
cal_sweep,0.001,gwad_plus,12.0,clean,noise,200,0.0,1.734723475976807e-18,0.018845326377266575,
cal_sweep,0.001,gwad_plus,12.0,clean,shuffled,2000,0.0,1.0842021724855044e-19,0.001917047281252934,
cal_sweep,0.001,gwad_plus,12.0,clean,sweep,200,0.0,1.734723475976807e-18,0.018845326377266575,
cal_sweep,0.001,gwad_plus,12.0,deblur,attack,200,0.0,1.734723475976807e-18,0.018845326377266575,
cal_sweep,0.001,gwad_plus,12.0,deblur,boundary_probe,200,0.0,1.734723475976807e-18,0.018845326377266575,
cal_sweep,0.001,gwad_plus,12.0,deblur,confidence_boost,200,0.0,1.734723475976807e-18,0.018845326377266575,
cal_sweep,0.001,gwad_plus,12.0,deblur,counterfactual,200,0.0,1.734723475976807e-18,0.018845326377266575,
cal_sweep,0.001,gwad_plus,12.0,deblur,random_walk,200,0.0,1.734723475976807e-18,0.018845326377266575,
cal_sweep,0.001,gwad_plus,12.0,deblur,restore,200,0.0,1.734723475976807e-18,0.018845326377266575,
cal_sweep,0.001,gwad_plus,12.0,denoise,attack,200,0.0,1.734723475976807e-18,0.018845326377266575,
cal_sweep,0.001,gwad_plus,12.0,denoise,boundary_probe,200,0.0,1.734723475976807e-18,0.018845326377266575,
cal_sweep,0.001,gwad_plus,12.0,denoise,confidence_boost,200,0.0,1.734723475976807e-18,0.018845326377266575,
cal_sweep,0.001,gwad_plus,12.0,denoise,counterfactual,200,0.0,1.734723475976807e-18,0.018845326377266575,
cal_sweep,0.001,gwad_plus,12.0,denoise,random_walk,200,0.0,1.734723475976807e-18,0.018845326377266575,
cal_sweep,0.001,gwad_plus,12.0,denoise,restore,200,0.0,1.734723475976807e-18,0.018845326377266575,
cal_sweep,0.001,gwad,12.0,clean,noise,200,0.0,1.734723475976807e-18,0.018845326377266575,
cal_sweep,0.001,gwad,12.0,clean,shuffled,2000,0.0,1.0842021724855044e-19,0.001917047281252934,
cal_sweep,0.001,gwad,12.0,clean,sweep,200,0.0,1.734723475976807e-18,0.018845326377266575,
cal_sweep,0.001,gwad,12.0,deblur,attack,200,0.0,1.734723475976807e-18,0.018845326377266575,
cal_sweep,0.001,gwad,12.0,deblur,boundary_probe,200,0.0,1.734723475976807e-18,0.018845326377266575,
cal_sweep,0.001,gwad,12.0,deblur,confidence_boost,200,0.0,1.734723475976807e-18,0.018845326377266575,
cal_sweep,0.001,gwad,12.0,deblur,counterfactual,200,0.0,1.734723475976807e-18,0.018845326377266575,
cal_sweep,0.001,gwad,12.0,deblur,random_walk,200,0.0,1.734723475976807e-18,0.018845326377266575,
cal_sweep,0.001,gwad,12.0,deblur,restore,200,0.0,1.734723475976807e-18,0.018845326377266575,
cal_sweep,0.001,gwad,12.0,denoise,attack,200,0.0,1.734723475976807e-18,0.018845326377266575,
cal_sweep,0.001,gwad,12.0,denoise,boundary_probe,200,0.0,1.734723475976807e-18,0.018845326377266575,
cal_sweep,0.001,gwad,12.0,denoise,confidence_boost,200,0.0,1.734723475976807e-18,0.018845326377266575,
cal_sweep,0.001,gwad,12.0,denoise,counterfactual,200,0.0,1.734723475976807e-18,0.018845326377266575,
cal_sweep,0.001,gwad,12.0,denoise,random_walk,200,0.0,1.734723475976807e-18,0.018845326377266575,
cal_sweep,0.001,gwad,12.0,denoise,restore,200,0.0,1.734723475976807e-18,0.018845326377266575,
cal_sweep,0.001,ljung_box,300.0,clean,noise,200,0.0,1.734723475976807e-18,0.018845326377266575,
cal_sweep,0.001,ljung_box,300.0,clean,shuffled,2000,0.0,1.0842021724855044e-19,0.001917047281252934,
cal_sweep,0.001,ljung_box,300.0,clean,sweep,200,0.0,1.734723475976807e-18,0.018845326377266575,
cal_sweep,0.001,ljung_box,300.0,deblur,attack,200,0.0,1.734723475976807e-18,0.018845326377266575,
cal_sweep,0.001,ljung_box,300.0,deblur,boundary_probe,200,0.0,1.734723475976807e-18,0.018845326377266575,
cal_sweep,0.001,ljung_box,300.0,deblur,confidence_boost,200,0.0,1.734723475976807e-18,0.018845326377266575,
cal_sweep,0.001,ljung_box,300.0,deblur,counterfactual,200,0.0,1.734723475976807e-18,0.018845326377266575,
cal_sweep,0.001,ljung_box,300.0,deblur,random_walk,200,0.0,1.734723475976807e-18,0.018845326377266575,
cal_sweep,0.001,ljung_box,300.0,deblur,restore,200,0.0,1.734723475976807e-18,0.018845326377266575,
cal_sweep,0.001,ljung_box,300.0,denoise,attack,200,0.0,1.734723475976807e-18,0.018845326377266575,
cal_sweep,0.001,ljung_box,300.0,denoise,boundary_probe,200,0.0,1.734723475976807e-18,0.018845326377266575,
cal_sweep,0.001,ljung_box,300.0,denoise,confidence_boost,200,0.0,1.734723475976807e-18,0.018845326377266575,
cal_sweep,0.001,ljung_box,300.0,denoise,counterfactual,200,0.0,1.734723475976807e-18,0.018845326377266575,
cal_sweep,0.001,ljung_box,300.0,denoise,random_walk,200,0.0,1.734723475976807e-18,0.018845326377266575,
cal_sweep,0.001,ljung_box,300.0,denoise,restore,200,0.0,1.734723475976807e-18,0.018845326377266575,
