rule,objective,tier,prefix,n,flagged_by_prefix
per_prefix_1pct,attack,attack,64,400,0.2175
per_prefix_1pct,attack,attack,128,400,0.4825
per_prefix_1pct,attack,attack,192,400,0.9
per_prefix_1pct,attack,attack,256,400,0.9775
per_prefix_1pct,attack,attack,384,400,0.9975
per_prefix_1pct,attack,attack,512,400,0.9975
per_prefix_1pct,attack,attack,640,400,0.9975
per_prefix_1pct,attack,attack,768,400,0.9975
per_prefix_1pct,attack,attack,896,400,0.9975
per_prefix_1pct,attack,attack,1021,400,0.9975
per_prefix_1pct,boundary_probe,attack-equivalent,64,400,0.235
per_prefix_1pct,boundary_probe,attack-equivalent,128,400,0.52
per_prefix_1pct,boundary_probe,attack-equivalent,192,400,0.89
per_prefix_1pct,boundary_probe,attack-equivalent,256,400,0.9475
per_prefix_1pct,boundary_probe,attack-equivalent,384,400,0.9575
per_prefix_1pct,boundary_probe,attack-equivalent,512,400,0.9575
per_prefix_1pct,boundary_probe,attack-equivalent,640,400,0.96
per_prefix_1pct,boundary_probe,attack-equivalent,768,400,0.96
per_prefix_1pct,boundary_probe,attack-equivalent,896,400,0.96
per_prefix_1pct,boundary_probe,attack-equivalent,1021,400,0.96
per_prefix_1pct,confidence_boost,benign,64,400,0.0
per_prefix_1pct,confidence_boost,benign,128,400,0.0
per_prefix_1pct,confidence_boost,benign,192,400,0.0
per_prefix_1pct,confidence_boost,benign,256,400,0.0
per_prefix_1pct,confidence_boost,benign,384,400,0.0
per_prefix_1pct,confidence_boost,benign,512,400,0.0
per_prefix_1pct,confidence_boost,benign,640,400,0.0
per_prefix_1pct,confidence_boost,benign,768,400,0.0
per_prefix_1pct,confidence_boost,benign,896,400,0.0
per_prefix_1pct,confidence_boost,benign,1021,400,0.0
per_prefix_1pct,counterfactual,attack-equivalent,64,400,0.2175
per_prefix_1pct,counterfactual,attack-equivalent,128,400,0.4925
per_prefix_1pct,counterfactual,attack-equivalent,192,400,0.9425
per_prefix_1pct,counterfactual,attack-equivalent,256,400,0.985
per_prefix_1pct,counterfactual,attack-equivalent,384,400,1.0
per_prefix_1pct,counterfactual,attack-equivalent,512,400,1.0
per_prefix_1pct,counterfactual,attack-equivalent,640,400,1.0
per_prefix_1pct,counterfactual,attack-equivalent,768,400,1.0
per_prefix_1pct,counterfactual,attack-equivalent,896,400,1.0
per_prefix_1pct,counterfactual,attack-equivalent,1021,400,1.0
per_prefix_1pct,kernelshap,benign,64,200,0.01
per_prefix_1pct,kernelshap,benign,128,200,0.055
per_prefix_1pct,kernelshap,benign,192,200,0.065
per_prefix_1pct,kernelshap,benign,256,200,0.065
per_prefix_1pct,kernelshap,benign,384,200,0.065
per_prefix_1pct,kernelshap,benign,512,200,0.065
per_prefix_1pct,kernelshap,benign,640,200,0.065
per_prefix_1pct,kernelshap,benign,768,200,0.075
per_prefix_1pct,kernelshap,benign,896,200,0.075
per_prefix_1pct,kernelshap,benign,1021,200,0.075
per_prefix_1pct,lime,benign,64,200,0.07
per_prefix_1pct,lime,benign,128,200,0.11
per_prefix_1pct,lime,benign,192,200,0.165
per_prefix_1pct,lime,benign,256,200,0.205
per_prefix_1pct,lime,benign,384,200,0.27
per_prefix_1pct,lime,benign,512,200,0.295
per_prefix_1pct,lime,benign,640,200,0.315
per_prefix_1pct,lime,benign,768,200,0.325
per_prefix_1pct,lime,benign,896,200,0.34
per_prefix_1pct,lime,benign,1021,200,0.34
per_prefix_1pct,noise,benign,64,200,0.0
per_prefix_1pct,noise,benign,128,200,0.0
per_prefix_1pct,noise,benign,192,200,0.0
per_prefix_1pct,noise,benign,256,200,0.0
per_prefix_1pct,noise,benign,384,200,0.0
per_prefix_1pct,noise,benign,512,200,0.0
per_prefix_1pct,noise,benign,640,200,0.0
per_prefix_1pct,noise,benign,768,200,0.0
per_prefix_1pct,noise,benign,896,200,0.0
per_prefix_1pct,noise,benign,1021,200,0.0
per_prefix_1pct,occlusion,benign,64,200,0.005
per_prefix_1pct,occlusion,benign,128,200,0.04
per_prefix_1pct,occlusion,benign,192,200,0.065
per_prefix_1pct,occlusion,benign,256,200,0.1
per_prefix_1pct,occlusion,benign,384,200,0.175
per_prefix_1pct,occlusion,benign,512,200,0.225
per_prefix_1pct,occlusion,benign,640,200,0.265
per_prefix_1pct,occlusion,benign,768,200,0.29
per_prefix_1pct,occlusion,benign,896,200,0.31
per_prefix_1pct,occlusion,benign,1021,200,0.31
per_prefix_1pct,random_walk,benign,64,400,0.2525
per_prefix_1pct,random_walk,benign,128,400,0.435
per_prefix_1pct,random_walk,benign,192,400,0.5325
per_prefix_1pct,random_walk,benign,256,400,0.595
per_prefix_1pct,random_walk,benign,384,400,0.6625
per_prefix_1pct,random_walk,benign,512,400,0.715
per_prefix_1pct,random_walk,benign,640,400,0.7525
per_prefix_1pct,random_walk,benign,768,400,0.7725
per_prefix_1pct,random_walk,benign,896,400,0.78
per_prefix_1pct,random_walk,benign,1021,400,0.8025
per_prefix_1pct,restore,benign,64,400,0.0625
per_prefix_1pct,restore,benign,128,400,0.0725
per_prefix_1pct,restore,benign,192,400,0.0775
per_prefix_1pct,restore,benign,256,400,0.0775
per_prefix_1pct,restore,benign,384,400,0.08
per_prefix_1pct,restore,benign,512,400,0.09
per_prefix_1pct,restore,benign,640,400,0.105
per_prefix_1pct,restore,benign,768,400,0.1275
per_prefix_1pct,restore,benign,896,400,0.1525
per_prefix_1pct,restore,benign,1021,400,0.1725
per_prefix_1pct,rise,benign,64,200,0.0
per_prefix_1pct,rise,benign,128,200,0.0
per_prefix_1pct,rise,benign,192,200,0.0
per_prefix_1pct,rise,benign,256,200,0.005
per_prefix_1pct,rise,benign,384,200,0.005
per_prefix_1pct,rise,benign,512,200,0.005
per_prefix_1pct,rise,benign,640,200,0.005
per_prefix_1pct,rise,benign,768,200,0.005
per_prefix_1pct,rise,benign,896,200,0.005
per_prefix_1pct,rise,benign,1021,200,0.005
per_prefix_1pct,shuffled,benign,64,2000,0.0
per_prefix_1pct,shuffled,benign,128,2000,0.0
per_prefix_1pct,shuffled,benign,192,2000,0.0
per_prefix_1pct,shuffled,benign,256,2000,0.0
per_prefix_1pct,shuffled,benign,384,2000,0.0
per_prefix_1pct,shuffled,benign,512,2000,0.0
per_prefix_1pct,shuffled,benign,640,2000,0.0
per_prefix_1pct,shuffled,benign,768,2000,0.0
per_prefix_1pct,shuffled,benign,896,2000,0.0
per_prefix_1pct,shuffled,benign,1021,2000,0.0
per_prefix_1pct,sweep,benign,64,200,0.17
per_prefix_1pct,sweep,benign,128,200,0.25
per_prefix_1pct,sweep,benign,192,200,0.325
per_prefix_1pct,sweep,benign,256,200,0.405
per_prefix_1pct,sweep,benign,384,200,0.53
per_prefix_1pct,sweep,benign,512,200,0.58
per_prefix_1pct,sweep,benign,640,200,0.6
per_prefix_1pct,sweep,benign,768,200,0.625
per_prefix_1pct,sweep,benign,896,200,0.635
per_prefix_1pct,sweep,benign,1021,200,0.64
