objective,prefix,flagged_at_prefix
attack,64,0.2175
attack,128,0.4275
attack,192,0.84
attack,256,0.96
attack,384,0.995
attack,512,0.9975
attack,640,0.9975
attack,768,0.9975
attack,896,0.9975
attack,1021,0.9975
boundary_probe,64,0.235
boundary_probe,128,0.455
boundary_probe,192,0.805
boundary_probe,256,0.8975
boundary_probe,384,0.9275
boundary_probe,512,0.9125
boundary_probe,640,0.915
boundary_probe,768,0.9075
boundary_probe,896,0.885
boundary_probe,1021,0.86
confidence_boost,64,0.0
confidence_boost,128,0.0
confidence_boost,192,0.0
confidence_boost,256,0.0
confidence_boost,384,0.0
confidence_boost,512,0.0
confidence_boost,640,0.0
confidence_boost,768,0.0
confidence_boost,896,0.0
confidence_boost,1021,0.0
counterfactual,64,0.2175
counterfactual,128,0.4375
counterfactual,192,0.875
counterfactual,256,0.9625
counterfactual,384,0.9975
counterfactual,512,1.0
counterfactual,640,1.0
counterfactual,768,1.0
counterfactual,896,1.0
counterfactual,1021,1.0
kernelshap,64,0.01
kernelshap,128,0.045
kernelshap,192,0.01
kernelshap,256,0.0
kernelshap,384,0.0
kernelshap,512,0.0
kernelshap,640,0.0
kernelshap,768,0.01
kernelshap,896,0.01
kernelshap,1021,0.005
lime,64,0.07
lime,128,0.055
lime,192,0.075
lime,256,0.08
lime,384,0.105
lime,512,0.075
lime,640,0.095
lime,768,0.045
lime,896,0.045
lime,1021,0.015
noise,64,0.0
noise,128,0.0
noise,192,0.0
noise,256,0.0
noise,384,0.0
noise,512,0.0
noise,640,0.0
noise,768,0.0
noise,896,0.0
noise,1021,0.0
occlusion,64,0.005
occlusion,128,0.035
occlusion,192,0.05
occlusion,256,0.065
occlusion,384,0.105
occlusion,512,0.1
occlusion,640,0.13
occlusion,768,0.105
occlusion,896,0.1
occlusion,1021,0.095
random_walk,64,0.2525
random_walk,128,0.3875
random_walk,192,0.425
random_walk,256,0.43
random_walk,384,0.4175
random_walk,512,0.4375
random_walk,640,0.45
random_walk,768,0.405
random_walk,896,0.39
random_walk,1021,0.3975
restore,64,0.0625
restore,128,0.04
restore,192,0.0175
restore,256,0.01
restore,384,0.0075
restore,512,0.015
restore,640,0.0275
restore,768,0.0475
restore,896,0.0675
restore,1021,0.0825
rise,64,0.0
rise,128,0.0
rise,192,0.0
rise,256,0.005
rise,384,0.005
rise,512,0.005
rise,640,0.005
rise,768,0.005
rise,896,0.005
rise,1021,0.005
shuffled,64,0.0
shuffled,128,0.0
shuffled,192,0.0
shuffled,256,0.0
shuffled,384,0.0
shuffled,512,0.0
shuffled,640,0.0
shuffled,768,0.0
shuffled,896,0.0
shuffled,1021,0.0
sweep,64,0.17
sweep,128,0.195
sweep,192,0.24
sweep,256,0.285
sweep,384,0.385
sweep,512,0.39
sweep,640,0.435
sweep,768,0.465
sweep,896,0.455
sweep,1021,0.475
