client,split,queries,blacklight_flagged_fraction,gwad_plus_windows,gwad_plus_windows_flagged,blacklight,gwad_plus,gwad,lfc,lfc_largest_subsequence,util_diff,util_diff_pixel_blur
lime_package,evaluation,1000,0.998,740,740,2,261,258,46,263,0.33946039989241394,-0.07324184559111013
captum_kernelshap,evaluation,1000,0.917,197,0,4,-1,-1,221,545,0.2899492001277395,0.07725439397909217
captum_occlusion,evaluation,226,0.995575221238938,0,0,2,-1,-1,72,226,-0.09552107473136862,-0.1797708009718917
lime_package,evaluation,1000,0.998,740,740,3,261,258,35,501,0.1853040576679632,-0.3751523374953649
captum_kernelshap,evaluation,1000,0.923,171,0,3,-1,-1,568,576,0.2707794425026805,-0.3311856315412115
captum_occlusion,evaluation,226,0.995575221238938,0,0,2,-1,-1,15,226,0.1115653647342697,-0.31818576676632804
lime_package,evaluation,1000,0.997,742,742,4,259,258,81,415,0.23234348812693495,-0.4781372234615901
captum_kernelshap,evaluation,1000,0.888,160,0,4,-1,-1,-1,387,0.049577676441549534,-0.5183836024511266
captum_occlusion,evaluation,226,0.995575221238938,0,0,2,-1,-1,15,226,-0.13227910879068072,-0.617909720158417
lime_package,evaluation,1000,0.998,741,741,3,260,258,63,136,-0.021219421669991356,-0.2378422087388799
captum_kernelshap,evaluation,1000,0.921,109,0,3,-1,-1,566,491,0.3437723267978157,-0.19060651465271689
captum_occlusion,evaluation,226,0.995575221238938,0,0,2,-1,-1,19,226,0.24652294426232968,-0.16427303402484483
lime_package,evaluation,1000,0.998,740,740,2,261,258,41,272,-0.13281868575518274,-0.05047379948624664
captum_kernelshap,evaluation,1000,0.915,144,0,6,-1,-1,355,520,0.28501936544303136,0.15414144226142523
captum_occlusion,evaluation,226,0.995575221238938,0,0,2,-1,-1,15,226,0.2994805763593149,0.1621812028720797
lime_package,evaluation,1000,0.996,739,739,2,262,258,42,280,-0.11143252849383317,-0.14576023414319933
captum_kernelshap,evaluation,1000,0.941,172,0,3,-1,-1,143,801,0.26086990072053595,0.3727074353864396
captum_occlusion,evaluation,226,0.995575221238938,0,0,2,-1,-1,41,226,0.1820862565617098,0.35110938366974553
lime_package,evaluation,1000,0.996,739,739,2,262,258,-1,260,-0.0030550996998499613,0.13430729046813217
captum_kernelshap,evaluation,1000,0.924,150,0,3,-1,-1,190,425,0.3094316542694628,0.36833960183139425
captum_occlusion,evaluation,226,0.995575221238938,0,0,2,-1,-1,31,226,0.29070515278999665,0.4756335407480947
lime_package,evaluation,1000,0.996,741,741,5,260,258,49,273,-0.1610085317055564,-0.39104197986307554
captum_kernelshap,evaluation,1000,0.933,163,0,3,-1,-1,58,809,0.36091534304723605,0.3774336020855117
captum_occlusion,evaluation,226,0.995575221238938,0,0,2,-1,-1,26,226,0.3632770033167617,-0.09254335211735454
lime_package,evaluation,1000,0.998,741,741,3,260,258,38,505,0.4350033927844834,-0.12246026921056907
captum_kernelshap,evaluation,1000,0.968,156,29,3,751,367,49,954,0.43941675238493194,0.15887072176556105
captum_occlusion,evaluation,226,0.995575221238938,0,0,2,-1,-1,15,226,0.5345981219714304,0.2501540097247925
lime_package,evaluation,1000,0.998,740,740,2,261,258,37,276,-0.03879121297322852,0.06975876725700803
captum_kernelshap,evaluation,1000,0.944,159,24,3,956,-1,71,517,0.27587769288447817,0.32043911233558897
captum_occlusion,evaluation,226,0.995575221238938,0,0,2,-1,-1,15,226,0.0038164883441140773,0.2364372735552024
lime_package,evaluation,1000,0.998,741,741,2,260,258,26,504,-0.24898600346496097,0.020534362980470178
captum_kernelshap,evaluation,1000,0.968,137,0,3,-1,541,-1,612,0.19865283405561057,0.15314164158535276
captum_occlusion,evaluation,226,0.995575221238938,0,0,2,-1,-1,15,226,0.09272431120662078,0.052290393638395494
lime_package,evaluation,1000,0.998,740,740,3,261,258,58,258,0.11661480964956467,-0.2417534718360443
captum_kernelshap,evaluation,1000,0.941,236,0,3,-1,-1,199,734,0.23040942551798765,0.03107631463820723
captum_occlusion,evaluation,226,0.995575221238938,0,0,2,-1,-1,16,226,-0.018339036864813363,-0.10876681066417984
lime_package,evaluation,1000,0.998,740,740,3,261,258,-1,502,-0.03276603468111716,-0.061798675276804715
captum_kernelshap,evaluation,1000,0.94,166,0,3,-1,-1,-1,572,0.5997679571708432,0.43775999669742305
captum_occlusion,evaluation,226,0.995575221238938,0,0,2,-1,-1,16,226,-0.29123636347940196,-0.07706169573357324
lime_package,evaluation,1000,0.998,741,741,2,260,258,31,505,0.39917019650571817,0.03925701042080618
captum_kernelshap,evaluation,1000,0.94,152,0,3,-1,-1,94,501,0.32393597062946355,0.05427668129832455
captum_occlusion,evaluation,226,0.995575221238938,0,0,2,-1,-1,15,226,0.40255192102290493,0.027077779740830005
lime_package,evaluation,1000,0.998,741,741,3,260,258,29,501,0.3091841356792943,-0.03277380723375245
captum_kernelshap,evaluation,1000,0.905,78,0,5,-1,-1,238,538,0.448173871535073,0.05672583519344698
captum_occlusion,evaluation,226,0.995575221238938,0,0,2,-1,-1,15,226,0.6139622013497956,0.1027675479370373
lime_package,evaluation,1000,0.998,741,741,3,260,258,26,504,-0.5871204870401016,-0.047267887342604786
captum_kernelshap,evaluation,1000,0.92,138,0,3,-1,-1,-1,644,0.2271199045199978,0.7413954711100814
captum_occlusion,evaluation,226,0.995575221238938,0,0,2,-1,-1,15,226,0.14261200496848686,0.7624997687220457
lime_package,evaluation,1000,0.998,741,741,3,260,258,26,516,-0.2950288912285032,0.02245652033016088
captum_kernelshap,evaluation,1000,0.941,130,0,3,-1,-1,95,563,0.27561318451689654,0.5663224907581025
captum_occlusion,evaluation,226,0.995575221238938,0,0,2,-1,-1,84,226,0.25955751821529705,0.3074724833481014
lime_package,evaluation,1000,0.998,741,741,3,260,258,24,522,-0.468078860294807,-0.029865981342487635
captum_kernelshap,evaluation,1000,0.93,181,0,3,-1,-1,98,605,0.20285124307006297,0.6995799867982442
captum_occlusion,evaluation,226,0.995575221238938,0,0,2,-1,-1,15,226,0.0600905252738812,0.5106655274564105
lime_package,evaluation,1000,0.998,741,741,2,260,258,26,523,0.2733486063483099,-0.0502671490811622
captum_kernelshap,evaluation,1000,0.923,194,0,3,-1,-1,360,506,0.11201509346719829,-0.34289530941707086
captum_occlusion,evaluation,226,0.995575221238938,0,0,2,-1,-1,26,226,-0.03425494737893475,-0.31705715217034935
lime_package,evaluation,1000,0.998,741,741,3,260,258,27,513,0.29103325066289687,0.12594154386648593
captum_kernelshap,evaluation,1000,0.922,138,0,3,-1,-1,299,649,0.09745008575421255,-0.09329546640510666
captum_occlusion,evaluation,226,0.995575221238938,0,0,2,-1,-1,15,226,-0.03845225195068447,-0.2787744340195275
lime_package,evaluation,1000,0.998,741,741,3,260,258,25,514,0.23267181639817236,0.07271459237703654
captum_kernelshap,evaluation,1000,0.914,114,0,3,-1,-1,236,535,0.21688410434717298,0.023048020724172613
captum_occlusion,evaluation,226,0.995575221238938,0,0,2,-1,-1,38,226,0.08117685400920999,0.0364457703403957
lime_package,evaluation,1000,0.998,741,741,3,260,258,26,502,0.124381585440824,0.0453193968213782
captum_kernelshap,evaluation,1000,0.942,45,0,3,-1,-1,127,500,0.2799870581040139,0.47231219736140706
captum_occlusion,evaluation,226,0.995575221238938,0,0,2,-1,-1,15,226,-0.10142819282216636,0.14411541769563885
lime_package,evaluation,1000,0.996,740,740,2,261,258,50,282,0.11069216936048176,0.1676104872021824
captum_kernelshap,evaluation,1000,0.927,131,0,3,-1,-1,219,757,0.1924032802350425,0.07213285476227616
captum_occlusion,evaluation,226,0.995575221238938,0,0,2,-1,-1,15,226,-0.15250488687472624,-0.2424290026050585
lime_package,evaluation,1000,0.996,740,740,4,261,258,43,268,0.3567540341773565,0.011991698184009192
captum_kernelshap,evaluation,1000,0.911,165,0,3,-1,-1,981,439,0.1870007336496201,-0.0711437813955044
captum_occlusion,evaluation,226,0.995575221238938,0,0,2,-1,-1,19,226,0.17531898311410715,0.01440549368575006
lime_package,evaluation,1000,0.996,740,740,3,261,258,33,275,0.04958986869699511,-0.09437068295475937
captum_kernelshap,evaluation,1000,0.939,180,0,3,-1,408,154,867,0.11060333464674843,0.10432605865525768
captum_occlusion,evaluation,226,0.995575221238938,0,0,2,-1,-1,55,226,0.031182695853192444,-0.041419148794238914
lime_package,evaluation,1000,0.998,741,741,2,260,258,50,529,0.5473738464148141,0.0456100501208766
captum_kernelshap,evaluation,1000,0.887,160,0,3,-1,-1,-1,455,-0.08933859227690844,-0.41412457627386634
captum_occlusion,evaluation,226,0.995575221238938,0,0,2,-1,-1,22,226,-0.041582514578476504,-0.44122429849080613
lime_package,evaluation,1000,0.997,738,738,3,263,258,96,150,0.2280980578041636,-0.13228938804822976
captum_kernelshap,evaluation,1000,0.922,94,0,3,-1,-1,540,498,0.0989057525992394,-0.2300025592354359
captum_occlusion,evaluation,226,0.995575221238938,0,0,2,-1,-1,15,226,-0.05516745876520868,-0.19246227865805854
lime_package,evaluation,1000,0.998,741,741,2,260,258,27,505,0.3307303777430206,-0.058051178045570806
captum_kernelshap,evaluation,1000,0.939,212,0,3,-1,-1,920,612,0.16693470526952292,0.050890419818460986
captum_occlusion,evaluation,226,0.995575221238938,0,0,2,-1,-1,21,226,-0.030696895578876116,-0.040650969929993175
lime_package,evaluation,1000,0.998,739,739,2,262,258,42,257,0.08230795176468464,-0.34927278817884255
captum_kernelshap,evaluation,1000,0.933,141,0,3,-1,-1,166,542,0.23667212115771008,-0.1647404921166583
captum_occlusion,evaluation,226,0.995575221238938,0,0,2,-1,-1,23,226,0.10900815130473801,-0.24125604290512398
lime_package,evaluation,1000,0.996,739,739,2,262,258,51,261,0.12421121207291885,-0.23501184534025016
captum_kernelshap,evaluation,1000,0.927,153,0,4,-1,-1,267,735,0.20510367274533148,-0.055371921183422046
captum_occlusion,evaluation,226,0.995575221238938,0,0,2,-1,-1,15,226,0.3078023872179301,-0.3815703529528605
lime_package,evaluation,1000,0.998,741,741,3,260,258,30,504,0.30808460455970704,-0.0356250200988143
captum_kernelshap,evaluation,1000,0.929,106,0,4,-1,-1,648,477,0.504863326397117,0.20017138202256318
captum_occlusion,evaluation,226,0.995575221238938,0,0,2,-1,-1,123,226,0.4983746126351889,-0.21514513927395457
lime_package,evaluation,1000,0.996,740,740,2,261,258,56,260,0.1676522266918255,-0.2079642821365269
captum_kernelshap,evaluation,1000,0.949,123,0,3,-1,-1,-1,579,0.2794568298461854,-0.09539523745006591
captum_occlusion,evaluation,226,0.995575221238938,0,0,2,-1,-1,15,226,0.2529028003435087,-0.02129988169281205
lime_package,evaluation,1000,0.998,741,741,3,260,258,28,511,0.1850297652627262,-0.2415938232728877
captum_kernelshap,evaluation,1000,0.927,124,0,3,-1,-1,118,751,0.24968416114679715,0.22613340155367045
captum_occlusion,evaluation,226,0.995575221238938,0,0,2,-1,-1,22,226,0.28803286137845135,0.025093746298080033
lime_package,evaluation,1000,0.998,741,741,3,260,258,27,511,0.38271546443450855,-0.05602012464296424
captum_kernelshap,evaluation,1000,0.93,116,0,3,-1,-1,-1,748,0.4320752063329565,0.15520714501617472
captum_occlusion,evaluation,226,0.995575221238938,0,0,2,-1,-1,16,226,0.3477366887964308,0.12437450608704237
lime_package,evaluation,1000,0.998,741,741,2,260,258,28,505,0.4208279105296242,-0.1006633284152485
captum_kernelshap,evaluation,1000,0.925,106,0,3,-1,-1,623,654,0.4644460327053821,0.29327172122430056
captum_occlusion,evaluation,226,0.995575221238938,0,0,2,-1,-1,15,226,0.3878893024288118,0.387850876833545
lime_package,evaluation,1000,0.996,740,740,3,261,258,48,258,-0.025240040634525895,0.05917665362358093
captum_kernelshap,evaluation,1000,0.937,176,0,3,-1,-1,-1,483,0.5153414223486038,0.6832275724831561
captum_occlusion,evaluation,226,0.995575221238938,0,0,2,-1,-1,15,226,0.4421888274762751,0.5940354201287846
lime_package,evaluation,1000,0.996,740,740,2,261,258,54,266,-0.07831726950362283,-0.06827401829978041
captum_kernelshap,evaluation,1000,0.93,136,0,4,-1,-1,493,780,0.2048084101814311,0.0950958125307807
captum_occlusion,evaluation,226,0.995575221238938,0,0,2,-1,-1,35,226,0.18824034227036462,0.00505817773500894
lime_package,evaluation,1000,0.998,741,741,3,260,258,23,523,-0.18746660528850045,0.26726010737475003
captum_kernelshap,evaluation,1000,0.962,158,0,3,-1,-1,67,687,0.4523386970841784,0.6290430913737509
captum_occlusion,evaluation,226,0.995575221238938,0,0,2,-1,-1,15,226,0.4273273824320313,0.7005231459072092
lime_package,evaluation,1000,0.996,739,739,3,262,258,79,140,0.2566424133109194,-0.27624569342012817
captum_kernelshap,evaluation,1000,0.92,69,0,3,-1,-1,256,483,0.30079333657768076,-0.1364241451759597
captum_occlusion,evaluation,226,0.995575221238938,0,0,2,-1,-1,15,226,0.3179462599335239,-0.10935356801298896
lime_package,evaluation,1000,0.998,741,741,2,260,258,28,502,0.42209332647510966,-0.06926156333363451
captum_kernelshap,evaluation,1000,0.926,120,20,3,935,-1,184,483,0.43373471530194363,0.06047348506489242
captum_occlusion,evaluation,226,0.995575221238938,0,0,2,-1,-1,19,226,0.4193956368858835,0.11259188447538121
lime_package,evaluation,1000,0.998,741,741,3,260,258,42,506,-0.7148827675952987,-0.043643706585498876
captum_kernelshap,evaluation,1000,0.926,130,0,3,-1,-1,249,493,0.1602516882610452,0.8672469137578446
captum_occlusion,evaluation,226,0.995575221238938,0,0,2,-1,-1,15,226,0.09300772251651779,0.7775099604718434
lime_package,evaluation,1000,0.998,741,741,3,260,258,33,504,0.03567508112755602,0.07158639973495151
captum_kernelshap,evaluation,1000,0.972,139,0,3,-1,-1,75,920,0.3618541276606265,0.3650079669852857
captum_occlusion,evaluation,226,0.995575221238938,0,0,2,-1,-1,19,226,0.2723993356041319,0.3456138186709723
lime_package,evaluation,1000,0.998,741,741,3,260,258,27,502,-0.4240115381576288,0.20437526358364266
captum_kernelshap,evaluation,1000,0.939,128,0,3,-1,-1,520,975,0.14755148118171635,0.5003803016257734
captum_occlusion,evaluation,226,0.995575221238938,0,0,2,-1,-1,15,226,-0.47792836273158057,-0.09399120908519765
lime_package,evaluation,1000,0.998,740,740,3,261,258,55,254,0.0015514061050773131,0.1927645407618619
captum_kernelshap,evaluation,1000,0.915,172,0,5,-1,-1,410,448,0.2689131245596627,-0.04218723039756872
captum_occlusion,evaluation,226,0.995575221238938,0,0,2,-1,-1,24,226,0.37949128978536917,0.0873792732343806
lime_package,evaluation,1000,0.996,739,739,5,262,258,38,270,0.018701640107201434,-0.05525058012531758
captum_kernelshap,evaluation,1000,0.926,153,0,3,-1,-1,108,642,0.29680742436870555,-0.11209975647327897
captum_occlusion,evaluation,226,0.995575221238938,0,0,2,-1,-1,29,226,-0.04987352389107402,-0.5296050332207869
lime_package,evaluation,1000,0.998,741,741,2,260,258,22,526,0.2387169277519206,0.04650287163676692
captum_kernelshap,evaluation,1000,0.925,88,0,4,-1,-1,831,446,0.14342848273968228,0.2120693930250127
captum_occlusion,evaluation,226,0.995575221238938,0,0,2,-1,-1,35,226,0.2715250005089416,0.3218569068820216
lime_package,evaluation,1000,0.998,741,741,2,260,258,28,517,0.15734035501727706,0.15586475968589186
captum_kernelshap,evaluation,1000,0.901,188,0,3,-1,-1,148,624,0.20724378268180316,0.2922738887189098
captum_occlusion,evaluation,226,0.995575221238938,0,0,2,-1,-1,23,226,-0.035538845102382755,-0.02364132779940742
lime_package,evaluation,1000,0.998,741,741,3,260,258,26,509,-0.07849530647267783,0.23508338564988662
captum_kernelshap,evaluation,1000,0.932,208,82,3,729,-1,-1,513,0.35418298764612927,0.5201947613770017
captum_occlusion,evaluation,226,0.995575221238938,0,0,2,-1,-1,16,226,0.2514560606897618,0.5923008374134952
lime_package,evaluation,1000,0.996,739,739,3,262,258,50,294,-0.0758548365947746,0.12727720617778004
captum_kernelshap,evaluation,1000,0.936,62,0,4,-1,-1,446,481,0.32012998151147104,0.3835124468545359
captum_occlusion,evaluation,226,0.995575221238938,0,0,2,-1,-1,18,226,-0.10642712198597337,0.08635252301838248
lime_package,evaluation,1000,0.998,741,741,3,260,258,23,507,0.06290376476028642,0.03999278695680458
captum_kernelshap,evaluation,1000,0.937,142,0,4,-1,-1,834,650,0.22932605378018706,0.2414155971538186
captum_occlusion,evaluation,226,0.995575221238938,0,0,2,-1,-1,22,226,0.29981568699905664,0.15044606902566166
lime_package,evaluation,1000,0.997,739,739,3,262,258,45,260,0.05585670996224512,-0.503988719046049
captum_kernelshap,evaluation,1000,0.955,140,0,3,-1,-1,93,514,-0.06001429576426742,-0.5271840814921802
captum_occlusion,evaluation,226,0.995575221238938,0,0,2,-1,-1,24,226,0.1264657540712506,-0.3275178640048807
lime_package,evaluation,1000,0.998,740,740,2,261,258,-1,524,0.4870689030500216,-0.07451491828810503
captum_kernelshap,evaluation,1000,0.951,117,0,3,-1,-1,134,575,0.35708646835983016,0.06283614184408182
captum_occlusion,evaluation,226,0.995575221238938,0,0,2,-1,-1,15,226,-0.03242780314644733,-0.2684337309868624
lime_package,evaluation,1000,0.998,741,741,2,260,258,29,506,0.18665290162898596,0.12997322978917514
captum_kernelshap,evaluation,1000,0.959,92,92,4,741,-1,813,701,0.6022439795015089,0.5870838728107628
captum_occlusion,evaluation,226,0.995575221238938,0,0,2,-1,-1,15,226,-0.08286490670870994,-0.015431482588610379
lime_package,evaluation,1000,0.998,741,741,3,260,258,27,515,0.031357955249734504,0.025840080400666876
captum_kernelshap,evaluation,1000,0.921,130,0,5,-1,-1,106,524,0.3163439719392954,-0.0017596080046132778
captum_occlusion,evaluation,226,0.995575221238938,0,0,2,-1,-1,15,226,0.16919688084569773,0.004247320312060765
lime_package,evaluation,1000,0.998,741,741,3,260,258,26,503,0.31857428424193585,0.009950640185979853
captum_kernelshap,evaluation,1000,0.921,113,0,5,-1,-1,285,479,0.3639119263136422,-0.2761562584339117
captum_occlusion,evaluation,226,0.995575221238938,0,0,2,-1,-1,41,226,0.20181895281347695,-0.2854005532713472
lime_package,evaluation,1000,0.997,740,740,3,261,258,56,259,0.08981070161134996,-0.1813457415164521
captum_kernelshap,evaluation,1000,0.943,173,0,3,-1,-1,77,632,0.2852659008482078,0.16176362110594478
captum_occlusion,evaluation,226,0.995575221238938,0,0,2,-1,-1,20,226,0.3220572488125072,-0.03106228152043966
lime_package,evaluation,1000,0.998,740,740,3,261,258,-1,508,0.16146705823539376,-0.11483446237762107
captum_kernelshap,evaluation,1000,0.935,133,0,3,-1,-1,-1,556,0.6112417136362638,0.3260996324177541
captum_occlusion,evaluation,226,0.995575221238938,0,0,2,-1,-1,20,226,0.46113049713021614,0.11445615511618146
lime_package,evaluation,1000,0.998,740,740,2,261,258,33,268,0.25642881629028125,-0.4326358891635209
captum_kernelshap,evaluation,1000,0.935,128,0,3,-1,-1,83,599,0.36798458191995,0.15733787822050543
captum_occlusion,evaluation,226,0.995575221238938,0,0,2,-1,-1,15,226,0.223757524263965,-0.011321468117785116
lime_package,evaluation,1000,0.998,741,741,3,260,258,31,525,0.5821172403517266,-0.05243994514357553
captum_kernelshap,evaluation,1000,0.912,159,0,3,-1,-1,210,508,0.4151736536452517,-0.11017238202393853
captum_occlusion,evaluation,226,0.995575221238938,0,0,2,-1,-1,24,226,0.4976140208895231,-0.10810002643279404
lime_package,evaluation,1000,0.998,741,741,3,260,258,24,513,0.3561571971102694,-0.013431674224557377
captum_kernelshap,evaluation,1000,0.947,135,0,3,-1,-1,165,587,0.2709780393264737,0.3583230478585392
captum_occlusion,evaluation,226,0.995575221238938,0,0,2,-1,-1,15,226,0.2735927532714413,-0.04089858022052795
lime_package,evaluation,1000,0.996,739,739,4,262,258,48,258,0.20308205998087486,-0.09215392190144484
captum_kernelshap,evaluation,1000,0.926,121,0,3,-1,-1,270,519,0.16434461079842322,0.1433698845049321
captum_occlusion,evaluation,226,0.995575221238938,0,0,2,-1,-1,23,226,0.15934869940906538,-0.3432807190075039
lime_package,evaluation,1000,0.998,740,740,2,261,258,55,256,0.042369078783519865,-0.007109758447538195
captum_kernelshap,evaluation,1000,0.921,106,0,3,-1,-1,236,458,0.11470488938371093,0.20439053322685086
captum_occlusion,evaluation,226,0.995575221238938,0,0,2,-1,-1,45,226,0.2881651409785263,0.2669869099554262
lime_package,evaluation,1000,0.998,741,741,3,260,258,25,516,0.2717919230036102,-0.01265967331219145
captum_kernelshap,evaluation,1000,0.939,152,0,3,-1,-1,314,507,0.19077484688796176,0.09188623002346502
captum_occlusion,evaluation,226,0.995575221238938,0,0,2,-1,-1,37,226,0.2812456559130396,0.13692394263989627
lime_package,evaluation,1000,0.998,740,740,3,261,258,58,264,0.23200877176736867,-0.2831649370029027
captum_kernelshap,evaluation,1000,0.941,175,0,4,-1,-1,215,535,0.4323347112677993,-0.09850748382300545
captum_occlusion,evaluation,226,0.995575221238938,0,0,2,-1,-1,15,226,0.3160147969607181,-0.13568385164433605
lime_package,evaluation,1000,0.996,740,740,3,261,258,54,257,-0.00639105593199929,-0.2480916959576831
captum_kernelshap,evaluation,1000,0.971,83,83,3,746,597,41,979,0.2435514370253259,0.17557288947156735
captum_occlusion,evaluation,226,0.995575221238938,0,0,2,-1,-1,28,226,0.35435801649846327,0.13711411722031386
lime_package,evaluation,1000,0.998,741,741,3,260,258,86,516,-0.27734773752958974,-0.0489257560635451
captum_kernelshap,evaluation,1000,0.908,137,0,4,-1,-1,448,437,0.2994004076184865,0.27298662945977414
captum_occlusion,evaluation,226,0.995575221238938,0,0,2,-1,-1,23,226,0.28732702991283077,0.06163123099540824
lime_package,evaluation,1000,0.998,739,739,3,262,258,54,268,-0.16551833929061105,0.12299166298471387
captum_kernelshap,evaluation,1000,0.932,129,0,3,-1,-1,364,457,0.34722077822352726,0.297962313820608
captum_occlusion,evaluation,226,0.995575221238938,0,0,2,-1,-1,26,226,0.3562319167544956,0.4288089595269412
lime_package,evaluation,1000,0.998,741,741,3,260,258,27,501,-0.3204797840833635,0.08377210024773374
captum_kernelshap,evaluation,1000,0.943,128,0,4,-1,-1,332,811,0.19625040470236854,0.5107878944321783
captum_occlusion,evaluation,226,0.995575221238938,0,0,2,-1,-1,39,226,-0.12812414822619755,0.1965377963419087
lime_package,evaluation,1000,0.998,741,741,3,260,258,28,503,0.19446731384517763,0.00572656411019104
captum_kernelshap,evaluation,1000,0.941,144,0,3,-1,-1,209,476,0.34137333861806385,0.055738221866282356
captum_occlusion,evaluation,226,0.995575221238938,0,0,2,-1,-1,36,226,0.2019078491646269,-0.2909186785396366
lime_package,evaluation,1000,0.998,741,741,2,260,258,25,524,0.21436249404826313,0.03028687413038822
captum_kernelshap,evaluation,1000,0.953,156,0,3,-1,-1,212,571,0.13218995718560506,-0.09535091973245213
captum_occlusion,evaluation,226,0.995575221238938,0,0,2,-1,-1,21,226,-0.171008741776501,-0.4629351333137713
lime_package,evaluation,1000,0.997,741,741,4,260,258,31,293,0.15170288242403562,-0.019420156627893426
captum_kernelshap,evaluation,1000,0.932,85,0,4,-1,-1,158,607,0.3263743753417202,0.13736407784745097
captum_occlusion,evaluation,226,0.995575221238938,0,0,2,-1,-1,15,226,0.15801246634873678,0.019424600526690483
lime_package,evaluation,1000,0.998,741,741,3,260,258,24,508,0.39901502276002243,0.14634007364174978
captum_kernelshap,evaluation,1000,0.942,152,0,3,-1,-1,238,547,0.0881816705630854,-0.08031532626664561
captum_occlusion,evaluation,226,0.995575221238938,0,0,2,-1,-1,23,226,0.26505795974217106,-0.4114241732444498
lime_package,evaluation,1000,0.998,740,740,3,261,258,163,509,0.2576218342074753,0.004948188896014449
captum_kernelshap,evaluation,1000,0.926,106,0,3,-1,-1,-1,630,0.16282280879631228,0.36865780057160014
captum_occlusion,evaluation,226,0.995575221238938,0,0,2,-1,-1,29,226,0.3113267796559171,0.05331928066525504
lime_package,evaluation,1000,0.998,740,740,3,261,258,35,264,-0.04293464718623452,-0.16340382697051153
captum_kernelshap,evaluation,1000,0.918,142,0,3,-1,-1,169,542,0.2753003446931416,0.11170566381607044
captum_occlusion,evaluation,226,0.995575221238938,0,0,2,-1,-1,15,226,-0.10685670690013466,-0.2958318800601646
lime_package,evaluation,1000,0.998,741,741,2,260,258,27,506,0.38486250317731674,0.015686689262005893
captum_kernelshap,evaluation,1000,0.933,92,0,3,-1,-1,269,465,0.08526061764426207,-0.27857403452973595
captum_occlusion,evaluation,226,0.995575221238938,0,0,2,-1,-1,15,226,-0.13697451695212526,-0.32765684671435336
lime_package,evaluation,1000,0.997,731,731,2,266,258,62,268,0.03231317015597601,0.19104425534605984
captum_kernelshap,evaluation,1000,0.989,208,77,3,619,483,-1,810,0.14269797950983043,0.009826012328267075
captum_occlusion,evaluation,226,0.995575221238938,0,0,2,-1,-1,20,226,-0.09338064973708238,0.03629796952009201
lime_package,evaluation,1000,0.998,741,741,2,260,258,27,525,0.27365661603398617,-0.019627971947193124
captum_kernelshap,evaluation,1000,0.935,136,0,3,-1,-1,148,550,0.2824870238306175,0.04199942648410793
captum_occlusion,evaluation,226,0.995575221238938,0,0,2,-1,-1,15,226,-0.08195856641978028,-0.030321244150400162
lime_package,evaluation,1000,0.998,741,741,3,260,258,23,513,0.5184689632507797,-0.0008446637075394392
captum_kernelshap,evaluation,1000,0.906,102,0,3,-1,-1,-1,504,0.1391818880103528,-0.05375276095719528
captum_occlusion,evaluation,226,0.995575221238938,0,0,2,-1,-1,23,226,0.09800702789798377,-0.06437750088516625
lime_package,evaluation,1000,0.996,739,739,3,262,258,44,278,0.18819876225340976,-0.15444316587086176
captum_kernelshap,evaluation,1000,0.929,240,0,3,-1,-1,229,626,0.17995549500400332,-0.14880519505195478
captum_occlusion,evaluation,226,0.995575221238938,0,0,2,-1,-1,43,226,0.10166637253596489,-0.1121335418522108
lime_package,evaluation,1000,0.996,739,739,4,262,258,45,278,0.32017123115695656,-0.09352883183786531
captum_kernelshap,evaluation,1000,0.933,127,0,3,-1,-1,84,514,0.34308112814706604,-0.02834260894754087
captum_occlusion,evaluation,226,0.995575221238938,0,0,2,-1,-1,16,226,0.22980863804807256,-0.030631378405499288
lime_package,evaluation,1000,0.998,741,741,3,260,258,28,507,0.482285730296644,-0.11880211552415854
captum_kernelshap,evaluation,1000,0.94,133,0,3,-1,-1,341,920,0.48045254286844286,0.17168848049805097
captum_occlusion,evaluation,226,0.995575221238938,0,0,2,-1,-1,15,226,0.0014349903911352602,-0.32043942671443804
lime_package,evaluation,1000,0.998,741,741,3,260,258,22,501,-0.18032649237250525,0.233802873357763
captum_kernelshap,evaluation,1000,0.936,117,0,3,-1,-1,196,542,0.31159154499615055,0.17956988010446367
captum_occlusion,evaluation,226,0.995575221238938,0,0,2,-1,-1,18,226,0.3217498485512351,0.10808545199042785
lime_package,evaluation,1000,0.998,741,741,2,260,258,30,509,0.2858081716778542,-0.15564083611388924
captum_kernelshap,evaluation,1000,0.997,192,108,3,597,521,104,964,0.5288909916005651,0.29681775560966345
captum_occlusion,evaluation,226,0.995575221238938,0,0,2,-1,-1,15,226,0.13598715992848154,0.005825875810114678
lime_package,evaluation,1000,0.998,741,741,2,260,258,41,505,0.5520752447835093,-0.05561215726122554
captum_kernelshap,evaluation,1000,0.914,159,2,3,979,-1,920,603,0.3447386968726164,-0.1921906103942547
captum_occlusion,evaluation,226,0.995575221238938,0,0,2,-1,-1,25,226,0.3390597010475176,-0.17965102928123428
lime_package,evaluation,1000,0.998,741,741,3,260,258,24,515,0.44598118003308396,-0.1123028378940944
captum_kernelshap,evaluation,1000,0.903,108,0,4,-1,-1,-1,412,0.40443526776216454,-0.4807850138106005
captum_occlusion,evaluation,226,0.995575221238938,0,0,2,-1,-1,15,226,0.2350008673191042,-0.4091809963894775
lime_package,evaluation,1000,0.998,741,741,3,260,258,25,510,0.13350242626011094,0.05949714282533025
captum_kernelshap,evaluation,1000,0.924,73,0,3,-1,-1,566,663,0.3620009546500341,-0.18170235608704388
captum_occlusion,evaluation,226,0.995575221238938,0,0,2,-1,-1,15,226,0.22450527818978117,0.10580646913804231
lime_package,evaluation,1000,0.998,740,740,3,261,258,39,255,0.0004888975136168594,0.20707498267875057
captum_kernelshap,evaluation,1000,0.945,148,0,3,-1,-1,128,593,0.24232530086337645,0.4785378556705837
captum_occlusion,evaluation,226,0.995575221238938,0,0,2,-1,-1,15,226,0.29813954644014307,0.4266217435942963
lime_package,evaluation,1000,0.998,741,741,3,260,258,24,519,0.04973737854420507,-0.11823882758908444
captum_kernelshap,evaluation,1000,0.94,110,0,3,-1,-1,107,497,0.26648420447818355,0.48427454344619036
captum_occlusion,evaluation,226,0.995575221238938,0,0,2,-1,-1,15,226,0.2643903808828327,0.3005541971089769
lime_package,evaluation,1000,0.998,740,740,3,261,258,40,503,0.40079932058789747,0.03589915881905198
captum_kernelshap,evaluation,1000,0.943,120,0,3,-1,-1,528,487,0.44059220080380324,0.0502419782238121
captum_occlusion,evaluation,226,0.995575221238938,0,0,2,-1,-1,18,226,0.4576449244902584,0.14183388212506998
lime_package,evaluation,1000,0.998,741,741,2,260,258,26,534,0.5532498137084273,-0.045330138131464526
captum_kernelshap,evaluation,1000,0.914,175,0,5,-1,-1,328,473,0.39291754997283307,0.07479451045180668
captum_occlusion,evaluation,226,0.995575221238938,0,0,2,-1,-1,15,226,0.5191101288393838,0.05077936394482094
lime_package,evaluation,1000,0.998,741,741,2,260,258,17,504,-0.20601386117540987,-0.0036474192515015824
captum_kernelshap,evaluation,1000,0.924,106,0,3,-1,-1,68,598,0.36955866474027066,0.49041812267387286
captum_occlusion,evaluation,226,0.995575221238938,0,0,2,-1,-1,15,226,0.37096448505999435,0.30128489765338595
lime_package,evaluation,1000,0.998,741,741,3,260,258,27,502,-0.19964858393182505,-0.04328088698675858
captum_kernelshap,evaluation,1000,0.941,96,96,3,730,-1,507,514,0.35772887417188026,0.6423766951949801
captum_occlusion,evaluation,226,0.995575221238938,0,0,2,-1,-1,17,226,0.2574861021020297,0.7393428263778332
lime_package,evaluation,1000,0.998,724,724,2,268,258,40,513,0.08932333920056407,0.556538237593486
captum_kernelshap,evaluation,1000,0.981,152,0,7,-1,272,-1,772,0.524218453337744,0.7096521618863335
captum_occlusion,evaluation,226,0.995575221238938,0,0,2,-1,-1,15,226,0.18426825899391586,0.40073456815543973
lime_package,evaluation,1000,0.998,741,741,3,260,258,26,522,0.2830272003621985,-0.016420336221361242
captum_kernelshap,evaluation,1000,0.921,170,120,3,601,-1,68,685,0.15441699620269844,-0.2195768746589451
captum_occlusion,evaluation,226,0.995575221238938,0,0,2,-1,-1,15,226,-0.022518385274452157,-0.39609343324012836
lime_package,evaluation,1000,0.998,740,740,2,261,258,39,258,0.23646289382038221,0.09132319710331557
captum_kernelshap,evaluation,1000,0.896,93,0,3,-1,854,360,394,0.3006244510235092,-0.1342057190904143
captum_occlusion,evaluation,226,0.995575221238938,0,0,2,-1,-1,33,226,0.3150525714443006,0.019053918922497803
lime_package,evaluation,1000,0.998,741,741,3,260,258,28,511,0.29694599985894,0.22014884383534084
captum_kernelshap,evaluation,1000,0.929,100,0,3,-1,-1,260,509,0.4216921343410547,0.04923422475985717
captum_occlusion,evaluation,226,0.995575221238938,0,0,2,-1,-1,21,226,0.37036765905008906,-0.30636944263715127
lime_package,evaluation,1000,0.998,741,741,3,260,258,30,539,0.1454724338901826,0.033362995553034125
captum_kernelshap,evaluation,1000,0.895,121,0,3,-1,-1,264,498,0.46680558233972536,0.6257023283000308
captum_occlusion,evaluation,226,0.995575221238938,0,0,2,-1,-1,15,226,0.3677842877880721,0.5313967670021157
lime_package,evaluation,1000,0.998,741,741,3,260,258,24,517,0.4528757020242381,-0.024897942785173655
captum_kernelshap,evaluation,1000,0.932,58,10,3,819,-1,316,512,0.4186829666470657,-0.06852564202999933
captum_occlusion,evaluation,226,0.995575221238938,0,0,2,-1,-1,19,226,0.022283182596356754,-0.05319178709760308
lime_package,evaluation,1000,0.998,741,741,2,260,258,27,515,0.15134708633921645,0.042485512176981655
captum_kernelshap,evaluation,1000,0.939,169,0,3,-1,-1,331,614,0.24032566212740109,0.08050993747199653
captum_occlusion,evaluation,226,0.995575221238938,0,0,2,-1,-1,36,226,0.114689557202999,-0.16542385800733683
lime_package,evaluation,1000,0.998,741,741,2,260,258,22,502,0.25258823085207355,-0.001179429417394573
captum_kernelshap,evaluation,1000,0.936,48,0,3,-1,-1,247,526,0.20129154710079433,-0.09231072913710606
captum_occlusion,evaluation,226,0.995575221238938,0,0,2,-1,-1,31,226,0.031235808056845837,-0.22093828222369466
lime_package,evaluation,1000,0.996,739,739,4,262,258,49,261,0.2449748981416633,0.05762606346979737
captum_kernelshap,evaluation,1000,0.937,89,0,3,-1,-1,132,495,0.334364288370125,-0.04695836594328284
captum_occlusion,evaluation,226,0.995575221238938,0,0,2,-1,-1,15,226,-0.10608865593094374,-0.1516192339797271
lime_package,evaluation,1000,0.998,740,740,3,261,258,31,501,0.005021954793482997,-0.09735881073866037
captum_kernelshap,evaluation,1000,0.928,153,0,4,-1,687,281,781,0.01913216561079023,-0.18692231934837766
captum_occlusion,evaluation,226,0.995575221238938,0,0,2,-1,-1,15,226,-0.06594542761449707,-0.08315789778716864
lime_package,evaluation,1000,0.997,739,739,2,262,258,57,262,0.23692569952304438,0.06061753863150443
captum_kernelshap,evaluation,1000,0.902,166,6,4,994,908,918,515,0.2426642253805767,0.03443104256894075
captum_occlusion,evaluation,226,0.995575221238938,0,0,2,-1,-1,15,226,0.24578398252265288,0.07284720056372293
lime_package,evaluation,1000,0.998,741,741,3,260,258,31,526,0.2640220412219719,0.011658199198456037
captum_kernelshap,evaluation,1000,0.931,129,0,4,-1,-1,74,544,0.19793692822011055,-0.0032453800445182424
captum_occlusion,evaluation,226,0.995575221238938,0,0,2,-1,-1,25,226,0.2872996884557324,0.05324946543646547
lime_package,evaluation,1000,0.998,741,741,3,260,258,26,506,0.03441954620888624,0.013890837377465465
captum_kernelshap,evaluation,1000,0.927,110,0,3,-1,-1,73,592,0.1386058051188968,0.10312820871147571
captum_occlusion,evaluation,226,0.995575221238938,0,0,2,-1,-1,31,226,0.17272872392114777,0.09177007642795018
lime_package,evaluation,1000,0.996,739,739,4,262,258,43,257,-0.11421113878022882,-0.05813250557985161
captum_kernelshap,evaluation,1000,0.977,121,46,3,723,-1,90,537,0.5329454049293417,0.30574606806039806
captum_occlusion,evaluation,226,0.995575221238938,0,0,2,-1,-1,15,226,-0.05117667198064735,-0.05469335722737012
lime_package,evaluation,1000,0.998,741,741,2,260,258,30,505,0.5180010320246765,-0.06719682783596004
captum_kernelshap,evaluation,1000,0.942,104,6,3,866,-1,146,517,0.5138018576210015,0.2900961217263103
captum_occlusion,evaluation,226,0.995575221238938,0,0,2,-1,-1,25,226,0.3848335811170728,0.11900622867287891
lime_package,evaluation,1000,0.998,741,741,2,260,258,34,517,0.3089709108017814,0.17174648738000542
captum_kernelshap,evaluation,1000,0.888,125,0,3,-1,-1,249,430,0.35510052382087454,0.1471372015192174
captum_occlusion,evaluation,226,0.995575221238938,0,0,2,-1,-1,19,226,0.20175890178652478,-0.08821695288643239
lime_package,evaluation,1000,0.998,741,741,2,260,258,28,532,0.14040549993231932,0.0042732747038826124
captum_kernelshap,evaluation,1000,0.936,120,0,3,-1,-1,171,467,0.41628224160376703,-0.1383402320090681
captum_occlusion,evaluation,226,0.995575221238938,0,0,2,-1,-1,15,226,0.22127700985038246,-0.2679631154867821
lime_package,evaluation,1000,0.998,741,741,2,260,258,20,517,0.04165909893781644,-0.040191815909929596
captum_kernelshap,evaluation,1000,0.933,110,0,5,-1,-1,-1,560,0.3433953775098416,0.3935489614726976
captum_occlusion,evaluation,226,0.995575221238938,0,0,2,-1,-1,33,226,0.17275001410016555,0.0032771314959972875
lime_package,evaluation,1000,0.997,738,738,3,263,258,-1,511,0.09310872449937047,-0.14973623456858148
captum_kernelshap,evaluation,1000,0.971,197,0,3,-1,-1,322,860,0.33509548830807034,0.18521061950532386
captum_occlusion,evaluation,226,0.995575221238938,0,0,2,-1,-1,15,226,-0.25682024431898753,-0.38976062696733604
lime_package,evaluation,1000,0.996,738,738,3,263,258,-1,268,0.20322485795222744,0.04359220296173588
captum_kernelshap,evaluation,1000,0.922,144,0,3,-1,-1,503,615,0.2417950135743922,-0.3614619516327366
captum_occlusion,evaluation,226,0.995575221238938,0,0,2,-1,-1,15,226,0.00042687500946386736,-0.3776240678331305
lime_package,evaluation,1000,0.998,741,741,3,260,258,28,504,0.47024200582135045,-0.05989090177936304
captum_kernelshap,evaluation,1000,0.94,98,0,3,-1,-1,189,477,0.4318307015231767,0.17334641075310628
captum_occlusion,evaluation,226,0.995575221238938,0,0,2,-1,-1,28,226,0.4279556372137563,0.18338511433629492
lime_package,evaluation,1000,0.996,739,739,4,262,258,51,263,0.15964632263605838,-0.14596390569140566
captum_kernelshap,evaluation,1000,0.915,134,0,5,-1,-1,245,943,0.3645687090381443,-0.2703258967407237
captum_occlusion,evaluation,226,0.995575221238938,0,0,2,-1,-1,23,226,0.4787794312560436,-0.2203251061242099
lime_package,evaluation,1000,0.996,740,740,2,261,258,55,255,0.04300573587315737,-0.2903973865242847
captum_kernelshap,evaluation,1000,0.912,132,0,3,-1,-1,48,670,0.39449637485486166,-0.056959295909678076
captum_occlusion,evaluation,226,0.995575221238938,0,0,2,-1,-1,24,226,0.45035118462983514,-0.15030151607874132
lime_package,evaluation,1000,0.998,741,741,2,260,258,22,502,-0.5319650238528034,-0.0366719588625074
captum_kernelshap,evaluation,1000,0.939,167,0,4,-1,-1,66,527,0.24631215921544936,0.4916212389851353
captum_occlusion,evaluation,226,0.995575221238938,0,0,2,-1,-1,18,226,0.15833853872372855,0.5088142177781265
lime_package,evaluation,1000,0.998,741,741,3,260,258,29,500,-0.42283357354599166,0.06156847452373315
captum_kernelshap,evaluation,1000,0.926,156,0,3,-1,-1,261,744,0.24569490740686317,0.5606851928343701
captum_occlusion,evaluation,226,0.995575221238938,0,0,2,-1,-1,35,226,0.18489591108515813,0.5312637898065418
lime_package,evaluation,1000,0.998,741,741,2,260,258,21,512,0.3996504316748378,0.005816598851677679
captum_kernelshap,evaluation,1000,0.904,174,0,3,-1,-1,-1,451,0.092185529039568,-0.1153041098359921
captum_occlusion,evaluation,226,0.995575221238938,0,0,2,-1,-1,22,226,0.1253536189344004,-0.02388262605362286
lime_package,evaluation,1000,0.996,736,736,3,263,258,77,153,0.15101303308167646,-0.19372764855065727
captum_kernelshap,evaluation,1000,0.943,99,0,3,-1,-1,269,474,0.2230375510529029,-0.08926396886881771
captum_occlusion,evaluation,226,0.995575221238938,0,0,2,-1,-1,98,226,0.0334462397422044,-0.114127891000669
lime_package,evaluation,1000,0.998,741,741,3,260,258,32,517,0.23380023221699564,0.03419326406476558
captum_kernelshap,evaluation,1000,0.93,227,0,3,-1,-1,373,695,0.2649904720985873,-0.20838788216523768
captum_occlusion,evaluation,226,0.995575221238938,0,0,2,-1,-1,15,226,-0.21462171515995865,-0.3369314840591528
lime_package,evaluation,1000,0.998,741,741,3,260,258,24,503,0.4439916583409399,-0.06187080238596532
captum_kernelshap,evaluation,1000,0.924,73,0,4,-1,-1,300,522,0.36207108670573684,0.18947887767571958
captum_occlusion,evaluation,226,0.995575221238938,0,0,2,-1,-1,24,226,0.05342431434182804,0.0013859772458090225
lime_package,evaluation,1000,0.998,741,741,3,260,258,31,510,0.39892049901477544,0.24154574013082308
captum_kernelshap,evaluation,1000,0.908,145,0,3,-1,-1,205,646,0.1972995301499395,0.07363808952122786
captum_occlusion,evaluation,226,0.995575221238938,0,0,2,-1,-1,16,226,0.13235977796888387,-0.16119266873947713
lime_package,evaluation,1000,0.998,740,740,3,261,258,48,276,-0.09402540554960409,-0.33168756894112617
captum_kernelshap,evaluation,1000,0.923,99,0,4,-1,-1,448,457,-0.15073054690651588,-0.30710864896430506
captum_occlusion,evaluation,226,0.995575221238938,0,0,2,-1,-1,19,226,-0.12168299412541617,-0.18990436575565184
lime_package,evaluation,1000,0.998,741,741,2,260,258,24,502,0.21383846464258055,0.04480886194687417
captum_kernelshap,evaluation,1000,0.935,127,0,3,-1,-1,601,700,0.05146818580426499,-0.1613045133696474
captum_occlusion,evaluation,226,0.995575221238938,0,0,2,-1,-1,20,226,-0.0005088402834687034,-0.22242751884107842
lime_package,evaluation,1000,0.998,741,741,3,260,258,28,516,0.1163362140824088,-0.09923565732682038
captum_kernelshap,evaluation,1000,0.942,174,0,3,-1,-1,818,593,0.15421439894410016,0.1321073137904939
captum_occlusion,evaluation,226,0.995575221238938,0,0,2,-1,-1,23,226,0.12542869147446256,0.011757402406667006
lime_package,evaluation,1000,0.996,740,740,2,261,258,51,261,0.6600453721868689,-0.41527509667240475
captum_kernelshap,evaluation,1000,0.9,180,0,3,-1,-1,183,848,0.1008180001401342,-0.5442526509240778
captum_occlusion,evaluation,226,0.995575221238938,0,0,2,-1,-1,19,226,-0.06158288902370257,-0.6643992084710643
lime_package,evaluation,1000,0.998,741,741,3,260,258,21,504,0.39938087738119066,0.09568055374547835
captum_kernelshap,evaluation,1000,0.918,155,0,3,-1,449,326,799,0.06954666193923909,-0.06957948980852957
captum_occlusion,evaluation,226,0.995575221238938,0,0,2,-1,-1,40,226,-0.07967957699438555,-0.17010602703085165
lime_package,evaluation,1000,0.996,739,739,4,262,258,38,273,-0.11667744273399877,-0.03334928660187875
captum_kernelshap,evaluation,1000,0.922,142,0,3,-1,-1,-1,458,0.24152461455450974,-0.0029219994146842954
captum_occlusion,evaluation,226,0.995575221238938,0,0,2,-1,-1,34,226,0.08196852811719851,0.0855527385254391
lime_package,evaluation,1000,0.998,741,741,3,260,258,29,530,0.22243193885678353,0.035966880158605385
captum_kernelshap,evaluation,1000,0.928,194,0,3,-1,-1,178,594,0.4070754922018864,0.23312175028589766
captum_occlusion,evaluation,226,0.995575221238938,0,0,2,-1,-1,35,226,0.2817341529756391,0.14152257696659942
lime_package,evaluation,1000,0.998,740,740,3,261,258,56,261,0.10654737575100626,-0.12556070952718984
captum_kernelshap,evaluation,1000,0.916,152,0,3,-1,-1,137,565,0.3280772441632962,-0.33725529102334234
captum_occlusion,evaluation,226,0.995575221238938,0,0,2,-1,-1,23,226,0.255227294670658,-0.4896049628195328
lime_package,evaluation,1000,0.996,740,740,2,261,258,53,271,0.10550186447162557,0.019079052668530494
captum_kernelshap,evaluation,1000,0.944,179,0,3,-1,-1,-1,590,0.2096641583391829,0.3183506053646852
captum_occlusion,evaluation,226,0.995575221238938,0,0,2,-1,-1,16,226,0.3483764937471278,0.48676918622950327
lime_package,evaluation,1000,0.998,741,741,3,260,258,29,529,0.5870981869713205,-0.04485503275645897
captum_kernelshap,evaluation,1000,0.905,106,0,3,-1,549,115,467,0.40788542205627887,0.007094185921596385
captum_occlusion,evaluation,226,0.995575221238938,0,0,2,-1,-1,16,226,0.3908190343246488,0.14758075971985818
lime_package,evaluation,1000,0.998,741,741,3,260,258,24,506,0.32659994560381167,-0.012067515187663969
captum_kernelshap,evaluation,1000,0.905,122,0,3,-1,-1,124,480,0.1662470895680599,-0.4614270899699477
captum_occlusion,evaluation,226,0.995575221238938,0,0,2,-1,-1,15,226,0.1459527674829587,-0.4791255460528191
lime_package,evaluation,1000,0.998,741,741,3,260,258,31,517,0.15451902844056353,0.05991858179331755
captum_kernelshap,evaluation,1000,0.936,62,0,4,-1,-1,172,686,0.44013024186679106,0.08316378456074747
captum_occlusion,evaluation,226,0.995575221238938,0,0,2,-1,-1,15,226,0.37294581432488483,0.34951779344119127
lime_package,evaluation,1000,0.998,740,740,2,261,258,48,262,-0.35488996615393376,-0.1850743000278811
captum_kernelshap,evaluation,1000,0.919,77,0,3,-1,-1,276,504,0.29392991067128377,0.35019089525080743
captum_occlusion,evaluation,226,0.995575221238938,0,0,2,-1,-1,24,226,0.29032363674955375,0.33295966084543804
lime_package,evaluation,1000,0.998,741,741,2,260,258,30,544,0.37206483383947675,0.16138687668105833
captum_kernelshap,evaluation,1000,0.944,181,0,4,-1,-1,350,481,0.34238022484187236,-0.12380921966105235
captum_occlusion,evaluation,226,0.995575221238938,0,0,2,-1,-1,16,226,0.30315648861928823,0.08910892657586378
lime_package,evaluation,1000,0.996,740,740,4,261,258,52,259,0.198794086449675,-0.1402030960845877
captum_kernelshap,evaluation,1000,0.925,195,0,4,-1,-1,-1,481,0.24694679707290557,0.2372249124823156
captum_occlusion,evaluation,226,0.995575221238938,0,0,2,-1,-1,27,226,0.20689553397796773,0.3873466661061684
lime_package,evaluation,1000,0.996,740,740,4,261,258,47,275,0.4185166730847414,0.07495901498884905
captum_kernelshap,evaluation,1000,0.943,182,0,3,-1,-1,162,798,0.457115998295194,0.23761982584727548
captum_occlusion,evaluation,226,0.995575221238938,0,0,2,-1,-1,15,226,0.4356469737705083,0.29357394907905243
lime_package,evaluation,1000,0.998,741,741,2,260,258,26,509,0.46487542416527816,-0.027656726570330636
captum_kernelshap,evaluation,1000,0.94,148,0,3,-1,-1,129,961,0.43203134329576187,0.15944232490023752
captum_occlusion,evaluation,226,0.995575221238938,0,0,2,-1,-1,20,226,0.5891736576369112,0.05785935602148129
lime_package,evaluation,1000,0.998,741,741,3,260,258,26,514,0.38410363211382903,0.02851772626854654
captum_kernelshap,evaluation,1000,0.927,110,0,3,-1,-1,204,713,0.4927315725410153,0.06626965925315742
captum_occlusion,evaluation,226,0.995575221238938,0,0,2,-1,-1,83,226,0.5146415236007215,-0.012305177300368092
lime_package,evaluation,1000,0.998,741,741,2,260,258,29,512,-0.4669484916093817,-0.03356178415706379
captum_kernelshap,evaluation,1000,0.94,134,0,3,-1,-1,62,864,0.2012737044320147,0.5521934370062809
captum_occlusion,evaluation,226,0.995575221238938,0,0,2,-1,-1,22,226,0.2638582373718236,0.626454419536094
lime_package,evaluation,1000,0.998,741,741,3,260,258,26,514,-0.04370509980924453,0.023463928163982906
captum_kernelshap,evaluation,1000,0.955,133,0,3,-1,-1,660,574,0.43310257744815317,0.6898410095920553
captum_occlusion,evaluation,226,0.995575221238938,0,0,2,-1,-1,40,226,0.4268078687229717,0.5535920494963648
lime_package,evaluation,1000,0.998,741,741,2,260,258,59,516,0.1885291509605736,0.12503261261968102
captum_kernelshap,evaluation,1000,0.892,152,0,3,-1,-1,261,488,0.25464800449301206,0.1849445027050607
captum_occlusion,evaluation,226,0.995575221238938,0,0,2,-1,-1,29,226,0.1253759889638303,0.02603576109171757
lime_package,evaluation,1000,0.998,740,740,3,261,258,55,267,-0.05180825680881751,-0.2144497534350373
captum_kernelshap,evaluation,1000,0.912,150,0,3,-1,-1,729,598,0.34615533570731716,0.20485366972959734
captum_occlusion,evaluation,226,0.995575221238938,0,0,2,-1,-1,15,226,0.30050222197060067,0.12418661746190363
lime_package,evaluation,1000,0.998,741,741,2,260,258,29,502,0.19197997061093058,-0.08823946130930552
captum_kernelshap,evaluation,1000,0.921,115,0,3,-1,-1,319,539,0.30258081694025096,-0.18441538870829532
captum_occlusion,evaluation,226,0.995575221238938,0,0,2,-1,-1,28,226,0.2780621620571992,0.06046699446799764
lime_package,evaluation,1000,0.998,741,741,3,260,258,22,534,0.11897362977905457,-0.11717785243370143
captum_kernelshap,evaluation,1000,0.934,151,0,3,-1,-1,148,483,0.24031147670106917,0.19225874846232216
captum_occlusion,evaluation,226,0.995575221238938,0,0,2,-1,-1,16,226,0.1012878323766131,0.160842876075003
lime_package,evaluation,1000,0.998,740,740,3,261,258,56,274,0.11081694324360569,0.15685418350258262
captum_kernelshap,evaluation,1000,0.924,72,0,3,-1,-1,978,516,0.3365284938811442,0.39293009486355
captum_occlusion,evaluation,226,0.995575221238938,0,0,2,-1,-1,20,226,0.06976953143815762,-0.15084789846296187
lime_package,evaluation,1000,0.998,740,740,2,261,258,52,260,0.10960392151092724,0.17600657593870894
captum_kernelshap,evaluation,1000,0.908,78,0,3,-1,-1,286,548,0.43495069192958913,0.582098302396173
captum_occlusion,evaluation,226,0.995575221238938,0,0,2,-1,-1,15,226,-0.09630045058407855,0.17480583287276663
lime_package,evaluation,1000,0.998,741,741,3,260,258,41,269,-0.09537483779753303,-0.3325304896789504
captum_kernelshap,evaluation,1000,0.903,102,0,3,-1,-1,85,448,0.12807106667373203,-0.05174959980458879
captum_occlusion,evaluation,226,0.995575221238938,0,0,2,-1,-1,57,226,-0.037709729155540106,0.10423697789885011
lime_package,evaluation,1000,0.998,741,741,3,260,258,25,505,0.40499863927633584,0.004951714559280174
captum_kernelshap,evaluation,1000,0.92,131,0,5,-1,-1,362,465,0.1927626630317263,-0.5962172755148515
captum_occlusion,evaluation,226,0.995575221238938,0,0,2,-1,-1,21,226,-0.12459042611430676,-0.268678807011247
lime_package,evaluation,1000,0.998,741,741,3,260,258,25,507,0.6809786853384139,-0.07779906979440054
captum_kernelshap,evaluation,1000,0.913,124,0,4,-1,-1,131,461,0.3207205499871634,-0.18462389505657484
captum_occlusion,evaluation,226,0.995575221238938,0,0,2,-1,-1,15,226,-0.05778236431069672,-0.46160926517013645
lime_package,evaluation,1000,0.998,740,740,2,261,258,56,514,0.38029949434567245,0.4008861441077898
captum_kernelshap,evaluation,1000,0.936,121,0,3,-1,-1,-1,528,0.388165908458177,0.31383858439512546
captum_occlusion,evaluation,226,0.995575221238938,0,0,2,-1,-1,31,226,-0.052002745110075965,-0.0547242290340364
lime_package,evaluation,1000,0.998,741,741,3,260,258,28,504,0.3217855409949891,-0.08677804858223226
captum_kernelshap,evaluation,1000,0.931,168,0,3,-1,-1,151,535,0.23752977502695105,-0.024507569616920938
captum_occlusion,evaluation,226,0.995575221238938,0,0,2,-1,-1,29,226,0.3595894655339634,-0.2818482693200622
lime_package,evaluation,1000,0.998,740,740,2,261,258,55,500,0.25592792667902914,0.10886601967826548
captum_kernelshap,evaluation,1000,0.913,164,0,6,-1,-1,189,926,0.08608509826848942,-0.3312261914039766
captum_occlusion,evaluation,226,0.995575221238938,0,0,2,-1,-1,29,226,0.22430855321444482,-0.2366348322296517
lime_package,evaluation,1000,0.998,741,741,2,260,258,29,510,0.28895962440752787,0.07071872785591038
captum_kernelshap,evaluation,1000,0.891,136,0,5,-1,-1,454,761,0.20396079801334965,0.04073640378119303
captum_occlusion,evaluation,226,0.995575221238938,0,0,2,-1,-1,15,226,0.022372671548151868,0.19613396590266352
lime_package,evaluation,1000,0.998,740,740,3,261,258,308,505,0.1564468132882212,0.14419731504387978
captum_kernelshap,evaluation,1000,0.927,47,20,3,919,-1,264,862,0.4983077350232634,0.4690168227380582
captum_occlusion,evaluation,226,0.995575221238938,0,0,2,-1,-1,15,226,0.34041257815260906,-0.11943593002979469
lime_package,evaluation,1000,0.996,739,739,3,262,258,50,263,-0.13633716344666025,-0.06267887881713252
captum_kernelshap,evaluation,1000,0.956,66,0,3,-1,-1,72,637,0.5806780196993031,0.5017837304472778
captum_occlusion,evaluation,226,0.995575221238938,0,0,2,-1,-1,15,226,0.15223918566625794,0.1867937302072733
lime_package,evaluation,1000,0.998,741,741,2,260,258,23,520,0.24468890897161372,0.08646285542836268
captum_kernelshap,evaluation,1000,0.913,114,0,3,-1,-1,140,765,0.44586368732153686,0.14858899313494478
captum_occlusion,evaluation,226,0.995575221238938,0,0,2,-1,-1,18,226,0.29049666507702343,-0.07732116713450521
lime_package,evaluation,1000,0.996,741,741,3,260,258,53,279,-0.011216791049082575,-0.06289419763415938
captum_kernelshap,evaluation,1000,0.915,90,0,3,-1,-1,-1,492,0.5072734370008789,0.2697248345320986
captum_occlusion,evaluation,226,0.995575221238938,0,0,2,-1,-1,15,226,0.12391574553412288,0.1420647486753296
lime_package,evaluation,1000,0.998,741,741,2,260,258,30,502,0.3799586182423809,-0.0004599987775691372
captum_kernelshap,evaluation,1000,0.916,82,0,3,-1,-1,106,462,0.3844655709210031,0.009543986811695493
captum_occlusion,evaluation,226,0.995575221238938,0,0,2,-1,-1,17,226,0.2035165486588994,0.05412930561797111
lime_package,evaluation,1000,0.998,741,741,3,260,258,24,532,0.09306597402628536,-0.04267676504859996
captum_kernelshap,evaluation,1000,0.955,166,0,4,-1,-1,114,862,0.35144982934073143,0.4300878681622635
captum_occlusion,evaluation,226,0.995575221238938,0,0,2,-1,-1,49,226,0.16208518927978732,-0.30521695710651786
lime_package,evaluation,1000,0.996,739,739,2,262,258,39,264,0.08054188663164724,0.2170086526573869
captum_kernelshap,evaluation,1000,0.932,118,0,3,-1,-1,337,682,0.17186184853757142,0.3301772236634861
captum_occlusion,evaluation,226,0.995575221238938,0,0,2,-1,-1,16,226,0.3108996878390826,0.5920619603479281
lime_package,evaluation,1000,0.996,740,740,3,261,258,36,269,0.5737895062455209,0.07663349767171895
captum_kernelshap,evaluation,1000,0.943,197,0,3,-1,-1,48,606,0.5984242643786274,-0.05108667985141435
captum_occlusion,evaluation,226,0.995575221238938,0,0,2,-1,-1,15,226,0.5126127884810557,-0.047679770555623696
lime_package,evaluation,1000,0.998,741,741,3,260,258,25,502,0.5153373593678395,-0.10505992198663988
captum_kernelshap,evaluation,1000,0.91,116,15,3,774,-1,150,482,0.48328260240014065,0.14275711581103678
captum_occlusion,evaluation,226,0.995575221238938,0,0,2,-1,-1,15,226,0.5609854030230963,0.08807490340694812
lime_package,evaluation,1000,0.998,741,741,2,260,258,29,506,0.3229735205660973,0.07978886390874323
captum_kernelshap,evaluation,1000,0.921,115,0,3,-1,-1,105,848,0.4782439923477796,0.021386975004679676
captum_occlusion,evaluation,226,0.995575221238938,0,0,2,-1,-1,26,226,0.42803803453539335,0.0828941105661215
lime_package,evaluation,1000,0.996,739,739,3,262,258,47,258,-0.15028171786871097,0.20221992239165532
captum_kernelshap,evaluation,1000,0.946,161,0,3,-1,-1,104,552,0.10975598163272482,0.5969875604860106
captum_occlusion,evaluation,226,0.995575221238938,0,0,2,-1,-1,16,226,-0.12734037483878635,0.11622313472356327
lime_package,evaluation,1000,0.996,739,739,5,262,258,43,267,-0.2996059529341437,0.12245803739060646
captum_kernelshap,evaluation,1000,0.927,91,0,3,-1,-1,55,652,0.4804096832692266,0.41169793118460807
captum_occlusion,evaluation,226,0.995575221238938,0,0,2,-1,-1,23,226,0.4667807245577933,0.48983264290873196
lime_package,evaluation,1000,0.998,741,741,3,260,258,29,512,0.1409442576143647,-0.03937297150746416
captum_kernelshap,evaluation,1000,0.905,191,0,3,-1,-1,-1,664,0.23589055464099007,-0.03658417034384909
captum_occlusion,evaluation,226,0.995575221238938,0,0,2,-1,-1,22,226,-0.019896128312063888,-0.4253693211999348
lime_package,evaluation,1000,0.998,741,741,3,260,258,22,543,0.38393529156821843,-0.022942968334314195
captum_kernelshap,evaluation,1000,0.925,167,0,3,-1,-1,318,498,0.4150611614752734,-0.012414390186820862
captum_occlusion,evaluation,226,0.995575221238938,0,0,2,-1,-1,15,226,0.27815992053936894,-0.021828454890555793
lime_package,evaluation,1000,0.996,740,740,4,261,258,54,263,0.28012755901937825,-0.11534827652413354
captum_kernelshap,evaluation,1000,0.923,170,0,3,-1,-1,-1,500,0.15629023902132178,-0.14111294572849714
captum_occlusion,evaluation,226,0.995575221238938,0,0,2,-1,-1,72,226,0.19008948721282481,-0.14064507154403288
lime_package,evaluation,1000,0.997,740,740,4,261,258,39,268,0.38839066556736235,-0.05526019763201473
captum_kernelshap,evaluation,1000,0.919,58,0,3,-1,-1,72,477,0.2542532202593065,0.025184777891263388
captum_occlusion,evaluation,226,0.995575221238938,0,0,2,-1,-1,15,226,0.35630133593588764,0.10913983924256176
lime_package,evaluation,1000,0.998,741,741,3,260,258,28,523,0.3681520524566622,0.008850847222038272
captum_kernelshap,evaluation,1000,0.925,99,7,3,720,-1,-1,451,0.341481197054577,-0.1573098852652947
captum_occlusion,evaluation,226,0.995575221238938,0,0,2,-1,-1,38,226,0.21174298318683216,-0.14956907338937525
lime_package,evaluation,1000,0.998,741,741,2,260,258,27,500,0.3328376976080108,-0.0884642504468161
captum_kernelshap,evaluation,1000,0.927,152,0,3,-1,-1,873,458,0.22302830103747623,-0.06189737796725581
captum_occlusion,evaluation,226,0.995575221238938,0,0,2,-1,-1,15,226,-0.04126620776972345,-0.16126251578295125
lime_package,evaluation,1000,0.998,741,741,3,260,258,23,527,0.28453955230863104,-0.033812056217566056
captum_kernelshap,evaluation,1000,0.907,65,0,5,-1,-1,64,582,0.24505902818294772,-0.002048602297673341
captum_occlusion,evaluation,226,0.995575221238938,0,0,2,-1,-1,40,226,-0.0638279165916174,-0.11890412328416178
lime_package,evaluation,1000,0.998,741,741,3,260,258,22,507,0.20758728577562807,0.03999196306281971
captum_kernelshap,evaluation,1000,0.909,180,0,3,-1,-1,353,755,0.25512724829758093,-0.30280045561784164
captum_occlusion,evaluation,226,0.995575221238938,0,0,2,-1,-1,25,226,0.2079406478437832,-0.3103971954599075
lime_package,evaluation,1000,0.997,739,739,4,262,258,46,264,-0.08208716735243793,-0.1572520866640843
captum_kernelshap,evaluation,1000,0.953,139,0,3,-1,-1,159,926,-0.028474717400968075,-0.09359693247824907
captum_occlusion,evaluation,226,0.995575221238938,0,0,2,-1,-1,15,226,-0.05885892757214606,-0.14037196147255604
lime_package,evaluation,1000,0.998,741,741,2,260,258,32,507,0.6171445810187833,-0.009225074810819911
captum_kernelshap,evaluation,1000,0.898,110,0,3,-1,-1,281,442,-0.037050654925405935,-0.4663191818690393
captum_occlusion,evaluation,226,0.995575221238938,0,0,2,-1,-1,15,226,0.04721967522054915,-0.4869122675736435
lime_package,evaluation,1000,0.997,740,740,3,261,258,179,278,0.07961815637000313,-0.1155624088642071
captum_kernelshap,evaluation,1000,0.909,171,0,3,-1,-1,235,597,0.25644112328806157,0.19150879265725962
captum_occlusion,evaluation,226,0.995575221238938,0,0,2,-1,-1,15,226,0.19921584752478338,-0.0668260469032248
lime_package,evaluation,1000,0.998,740,740,3,261,258,48,260,0.050993600142953704,-0.04319052328752376
captum_kernelshap,evaluation,1000,0.906,140,0,3,-1,-1,449,534,0.28147298213298766,0.049145284148499974
captum_occlusion,evaluation,226,0.995575221238938,0,0,2,-1,-1,44,226,0.3267116776318247,-0.016718488912334795
lime_package,evaluation,1000,0.998,741,741,2,260,258,22,511,0.44422868157958395,-0.05009676390827733
captum_kernelshap,evaluation,1000,0.923,160,0,3,-1,-1,188,450,0.1372137320713932,-0.4714040112455223
captum_occlusion,evaluation,226,0.995575221238938,0,0,2,-1,-1,15,226,-0.14813555161170483,-0.5251810964912693
lime_package,evaluation,1000,0.996,740,740,4,261,258,46,267,0.0938761283086933,-0.3100426547915959
captum_kernelshap,evaluation,1000,0.966,142,0,3,-1,-1,977,650,0.49900035615271465,0.36975410754585025
captum_occlusion,evaluation,226,0.995575221238938,0,0,2,-1,-1,16,226,0.5234742527896742,0.3425710171282844
lime_package,evaluation,1000,0.998,741,741,3,260,258,35,502,0.0070543336387345335,0.02825808767029231
captum_kernelshap,evaluation,1000,0.94,183,0,3,-1,829,804,698,0.3838237725505678,0.12846163095855445
captum_occlusion,evaluation,226,0.995575221238938,0,0,2,-1,-1,30,226,0.19414402998603464,0.0689401231917145
lime_package,evaluation,1000,0.998,741,741,2,260,258,22,510,0.3513632875225994,-0.03557299198000691
captum_kernelshap,evaluation,1000,0.896,84,0,5,-1,-1,305,496,0.24040061003470325,-0.3330980797516532
captum_occlusion,evaluation,226,0.995575221238938,0,0,2,-1,-1,24,226,0.3035007139726076,-0.3567897663160693
lime_package,evaluation,1000,0.997,741,741,3,260,258,181,265,0.03901137810680666,0.0816536861704662
captum_kernelshap,evaluation,1000,0.905,83,0,5,-1,-1,317,479,0.5599024843294501,0.5667734504910186
captum_occlusion,evaluation,226,0.995575221238938,0,0,2,-1,-1,31,226,0.5497876091597845,0.19439268135465682
lime_package,evaluation,1000,0.998,741,741,3,260,258,27,519,0.39424614379833545,0.04965352001454448
captum_kernelshap,evaluation,1000,0.934,107,18,3,902,-1,118,815,0.3359096462671005,-0.20370198927812455
captum_occlusion,evaluation,226,0.995575221238938,0,0,2,-1,-1,15,226,0.2634211485074047,-0.3283089966462285
lime_package,evaluation,1000,0.998,741,741,2,260,258,28,511,0.20230484139970029,0.02367983919870864
captum_kernelshap,evaluation,1000,0.918,98,0,3,-1,-1,-1,597,0.31519860252333276,0.34687632630691495
captum_occlusion,evaluation,226,0.995575221238938,0,0,2,-1,-1,30,226,0.31937450101701187,0.1657049485499158
lime_package,evaluation,1000,0.998,741,741,2,260,258,25,532,0.13346185573273034,-0.06803836746680647
captum_kernelshap,evaluation,1000,0.93,163,0,4,-1,-1,259,747,0.37803872886343015,-0.2234570073056602
captum_occlusion,evaluation,226,0.995575221238938,0,0,2,-1,-1,16,226,-0.006900122154343102,-0.32499767619374326
lime_package,evaluation,1000,0.998,741,741,2,260,258,27,505,0.4436996107389859,-0.025486662032813023
captum_kernelshap,evaluation,1000,0.896,74,0,3,-1,-1,-1,526,0.5347971333241958,0.12556805340203142
captum_occlusion,evaluation,226,0.995575221238938,0,0,2,-1,-1,15,226,0.40882433583501554,0.11210922971122272
lime_package,evaluation,1000,0.996,740,740,3,261,258,559,501,0.4167919722065562,0.021098136524017264
captum_kernelshap,evaluation,1000,0.921,92,4,3,984,-1,239,797,0.5091628181746273,-0.21236465558473866
captum_occlusion,evaluation,226,0.995575221238938,0,0,2,-1,-1,29,226,0.40740234961957644,-0.23455979427984347
lime_package,evaluation,1000,0.998,741,741,2,260,258,28,501,0.3754225679137789,-0.09424897150113906
captum_kernelshap,evaluation,1000,0.937,136,0,3,-1,-1,469,781,0.3597851684127818,0.12660852861108013
captum_occlusion,evaluation,226,0.995575221238938,0,0,2,-1,-1,22,226,0.3969276131222614,0.15297194656427565
lime_package,evaluation,1000,0.998,740,740,2,261,258,104,509,-0.4705035532352667,0.14044326633998028
captum_kernelshap,evaluation,1000,0.91,145,0,3,-1,-1,-1,485,0.11890988907013877,0.6394820942630759
captum_occlusion,evaluation,226,0.995575221238938,0,0,2,-1,-1,15,226,0.11805821431273672,0.2882718799890427
lime_package,evaluation,1000,0.998,741,741,2,260,258,28,502,-0.48123699129916986,-0.019678387904445982
captum_kernelshap,evaluation,1000,0.933,153,0,3,-1,-1,194,471,0.1582592722616596,0.3187295359331529
captum_occlusion,evaluation,226,0.995575221238938,0,0,2,-1,-1,132,226,0.25588840624652676,0.510091846927412
lime_package,evaluation,1000,0.998,741,741,2,260,258,34,509,0.28179501991137645,0.01916002198672856
captum_kernelshap,evaluation,1000,0.925,136,0,4,-1,-1,213,665,0.16307332574656358,-0.041645378400287925
captum_occlusion,evaluation,226,0.995575221238938,0,0,2,-1,-1,28,226,-0.3033768695913238,-0.5344680234914851
lime_package,evaluation,1000,0.996,740,740,3,261,258,41,267,0.16935715639821752,0.10594230358363521
captum_kernelshap,evaluation,1000,0.913,180,0,3,-1,-1,192,617,0.27310838910194657,-0.028006776692934943
captum_occlusion,evaluation,226,0.995575221238938,0,0,2,-1,-1,16,226,0.23545783661305109,-0.07459763675633119
lime_package,evaluation,1000,0.998,740,740,3,261,258,49,261,0.28535888902124495,0.07103917160011405
captum_kernelshap,evaluation,1000,0.935,134,0,3,-1,-1,429,441,0.17047755702565154,0.054588635177105965
captum_occlusion,evaluation,226,0.995575221238938,0,0,2,-1,-1,-1,226,0.18805000868103433,0.04158935155714971
lime_package,evaluation,1000,0.998,741,741,3,260,258,51,256,-0.0715196602950755,-0.0668571380456342
captum_kernelshap,evaluation,1000,0.918,102,0,3,-1,-1,99,724,0.19474668127852512,0.166247470606595
captum_occlusion,evaluation,226,0.995575221238938,0,0,2,-1,-1,34,226,-0.016200844865687736,-0.2321829983069847
lime_package,evaluation,1000,0.998,741,741,3,260,258,26,507,0.4296549785130992,0.06857448382324949
captum_kernelshap,evaluation,1000,0.936,143,0,4,-1,-1,53,603,0.3071783240203445,0.11505820179336296
captum_occlusion,evaluation,226,0.995575221238938,0,0,2,-1,-1,21,226,0.15791813116551334,-0.3229989159886827
lime_package,evaluation,1000,0.996,739,739,2,262,258,54,261,0.19085215089120278,-0.20306933126900759
captum_kernelshap,evaluation,1000,0.942,153,0,3,-1,-1,125,523,0.19705575980476625,0.07170338358611089
captum_occlusion,evaluation,226,0.995575221238938,0,0,2,-1,-1,15,226,0.22098582720695958,-0.004882554086133695
lime_package,evaluation,1000,0.998,739,739,3,262,258,41,272,0.31558181639379657,0.11060299349320529
captum_kernelshap,evaluation,1000,0.919,123,0,5,-1,-1,236,462,0.16242642006529306,0.13767811479330516
captum_occlusion,evaluation,226,0.995575221238938,0,0,2,-1,-1,34,226,0.13885227922939974,-0.04049355820169076
lime_package,evaluation,1000,0.998,741,741,2,260,258,19,506,0.0776951414274322,0.0029821616243850824
captum_kernelshap,evaluation,1000,0.944,179,0,3,-1,-1,150,535,0.2697966940390977,0.08222557795273602
captum_occlusion,evaluation,226,0.995575221238938,0,0,2,-1,-1,15,226,0.05949542073049657,-0.18257676191688574
