detector,client,n,blocked,median_first_alarm,iqr_low,iqr_high,ks_vs_attack,ks_p
blacklight,attack,400,1.0,6.0,3.0,12.25,,
blacklight,restore,400,1.0,6.0,3.0,11.0,0.043,0.8635251702254226
blacklight,confidence_boost,400,1.0,6.0,3.0,12.0,0.04,0.9067578225553679
blacklight,lime,200,1.0,6.0,4.0,9.0,,
blacklight,occlusion,200,1.0,2.0,2.0,2.0,,
blacklight,shuffled,2000,0.0,,,,,
gwad_plus,attack,400,1.0,259.0,259.0,259.0,,
gwad_plus,restore,400,1.0,259.0,259.0,259.0,0.0,1.0
gwad_plus,confidence_boost,400,1.0,259.0,259.0,259.0,0.0,1.0
gwad_plus,lime,200,0.0,,,,,
gwad_plus,occlusion,200,1.0,259.0,259.0,259.0,,
gwad_plus,shuffled,2000,0.0,,,,,
lfc,attack,400,1.0,106.0,68.75,148.0,,
lfc,restore,400,0.995,134.0,70.0,239.0,0.237,2.490887920608704e-10
lfc,confidence_boost,400,1.0,112.0,72.75,154.25,0.06,0.4680435421303692
lfc,lime,200,0.405,409.0,160.0,614.0,,
lfc,occlusion,200,1.0,17.0,15.0,23.0,,
lfc,shuffled,2000,0.0,,,,,
