workload,objective,n,label_preserved,reached_target,start_p,final_p,final_margin,psnr_gain,blacklight_alarm,gwad_plus_native_alarm
deblur,attack,400,0.52,0.3825,0.9992528855800629,0.5208618938922882,0.3928251266479492,-0.3685565992763262,1.0,1.0
deblur,boundary_probe,400,1.0,0.0,0.9992528855800629,0.5270986258983612,0.30706357955932617,-0.2874288044868294,1.0,1.0
deblur,confidence_boost,400,1.0,0.0,0.9992528855800629,0.9999880790710449,12.021554470062256,-0.2732117803173377,1.0,1.0
deblur,counterfactual,400,0.5175,0.4825,0.9992528855800629,0.5345783531665802,0.3022761344909668,-0.37199218295541847,1.0,1.0
deblur,random_walk,400,0.9825,0.0175,0.9992528855800629,0.9990750849246979,7.505261659622192,-1.5648106204006496,1.0,1.0
deblur,restore,400,1.0,0.0,0.9992528855800629,0.9995153546333313,8.189222812652588,0.36994368825248714,1.0,1.0
denoise,attack,400,0.3325,0.5625,0.966981053352356,0.1271870881319046,-1.7327334880828857,-0.0695778937646363,1.0,1.0
denoise,boundary_probe,400,1.0,0.0,0.966981053352356,0.4875704050064087,0.022500991821289062,-0.04225213460668975,1.0,1.0
denoise,confidence_boost,400,1.0,0.0,0.966981053352356,0.9996226131916046,8.573091506958008,-0.03132301575752905,1.0,1.0
denoise,counterfactual,400,0.3375,0.6625,0.966981053352356,0.13396664708852768,-1.7738512754440308,-0.06666000589825671,1.0,1.0
denoise,random_walk,400,0.9225,0.065,0.966981053352356,0.9654009342193604,3.844616174697876,-0.31203808065322924,1.0,1.0
denoise,restore,400,1.0,0.0,0.966981053352356,0.9724793136119843,4.126609563827515,0.16617613544343968,1.0,1.0
