detector,profile,alpha,status,theta,calibration_R,calibration_max_F,feasible_candidates,held_out_status,violated,R,R_lo,R_hi,R_ci_method,timely,successful,attacks,success_rate,timely_of_all,F[unrelated images],Fci[unrelated images],F[LIME (ours)],Fci[LIME (ours)],F[KernelSHAP (ours)],Fci[KernelSHAP (ours)],F[Occlusion (ours)],Fci[Occlusion (ours)],F[RISE (ours)],Fci[RISE (ours)],F[restoration],Fci[restoration],F[confidence raising],Fci[confidence raising],F[KernelSHAP (Captum)],Fci[KernelSHAP (Captum)],F[Occlusion (Captum)],Fci[Occlusion (Captum)],F[noise copies],Fci[noise copies],F[JPEG/brightness sweep],Fci[JPEG/brightness sweep],F[boundary probing],Fci[boundary probing],F[counterfactual search],Fci[counterfactual search]
blacklight,explanation,0.01,feasible,50.0,0.0,0.0,1,within budget on held-out split,,0.0,0.0,0.020397366050582098,exact over source images,0,285,400,0.7125,0.0,0/2000,0.0000-0.0018,0/200,0.0000-0.0183,0/200,0.0000-0.0183,0/200,0.0000-0.0183,0/200,0.0000-0.0183,0/400,0.0000-0.0092,0/400,0.0000-0.0092,0/200,0.0000-0.0183,0/200,0.0000-0.0183,0/200,0.0000-0.0183,0/200,0.0000-0.0183,0/400,0.0000-0.0092,0/400,0.0000-0.0092
blacklight,explanation,0.05,feasible,50.0,0.0,0.0,1,within budget on held-out split,,0.0,0.0,0.020397366050582098,exact over source images,0,285,400,0.7125,0.0,0/2000,0.0000-0.0018,0/200,0.0000-0.0183,0/200,0.0000-0.0183,0/200,0.0000-0.0183,0/200,0.0000-0.0183,0/400,0.0000-0.0092,0/400,0.0000-0.0092,0/200,0.0000-0.0183,0/200,0.0000-0.0183,0/200,0.0000-0.0183,0/200,0.0000-0.0183,0/400,0.0000-0.0092,0/400,0.0000-0.0092
blacklight,diagnostic,0.01,feasible,50.0,0.0,0.0,1,within budget on held-out split,,0.0,0.0,0.020397366050582098,exact over source images,0,285,400,0.7125,0.0,0/2000,0.0000-0.0018,0/200,0.0000-0.0183,0/200,0.0000-0.0183,0/200,0.0000-0.0183,0/200,0.0000-0.0183,0/400,0.0000-0.0092,0/400,0.0000-0.0092,0/200,0.0000-0.0183,0/200,0.0000-0.0183,0/200,0.0000-0.0183,0/200,0.0000-0.0183,0/400,0.0000-0.0092,0/400,0.0000-0.0092
blacklight,diagnostic,0.05,feasible,50.0,0.0,0.0,1,within budget on held-out split,,0.0,0.0,0.020397366050582098,exact over source images,0,285,400,0.7125,0.0,0/2000,0.0000-0.0018,0/200,0.0000-0.0183,0/200,0.0000-0.0183,0/200,0.0000-0.0183,0/200,0.0000-0.0183,0/400,0.0000-0.0092,0/400,0.0000-0.0092,0/200,0.0000-0.0183,0/200,0.0000-0.0183,0/200,0.0000-0.0183,0/200,0.0000-0.0183,0/400,0.0000-0.0092,0/400,0.0000-0.0092
gwad_plus,explanation,0.01,feasible,12.0,0.0,0.0,1,within budget on held-out split,,0.0,0.0,0.020397366050582098,exact over source images,0,285,400,0.7125,0.0,0/2000,0.0000-0.0018,0/200,0.0000-0.0183,0/200,0.0000-0.0183,0/200,0.0000-0.0183,0/200,0.0000-0.0183,0/400,0.0000-0.0092,0/400,0.0000-0.0092,0/200,0.0000-0.0183,0/200,0.0000-0.0183,0/200,0.0000-0.0183,0/200,0.0000-0.0183,0/400,0.0000-0.0092,0/400,0.0000-0.0092
gwad_plus,explanation,0.05,feasible,12.0,0.0,0.0,1,within budget on held-out split,,0.0,0.0,0.020397366050582098,exact over source images,0,285,400,0.7125,0.0,0/2000,0.0000-0.0018,0/200,0.0000-0.0183,0/200,0.0000-0.0183,0/200,0.0000-0.0183,0/200,0.0000-0.0183,0/400,0.0000-0.0092,0/400,0.0000-0.0092,0/200,0.0000-0.0183,0/200,0.0000-0.0183,0/200,0.0000-0.0183,0/200,0.0000-0.0183,0/400,0.0000-0.0092,0/400,0.0000-0.0092
gwad_plus,diagnostic,0.01,feasible,12.0,0.0,0.0,1,within budget on held-out split,,0.0,0.0,0.020397366050582098,exact over source images,0,285,400,0.7125,0.0,0/2000,0.0000-0.0018,0/200,0.0000-0.0183,0/200,0.0000-0.0183,0/200,0.0000-0.0183,0/200,0.0000-0.0183,0/400,0.0000-0.0092,0/400,0.0000-0.0092,0/200,0.0000-0.0183,0/200,0.0000-0.0183,0/200,0.0000-0.0183,0/200,0.0000-0.0183,0/400,0.0000-0.0092,0/400,0.0000-0.0092
gwad_plus,diagnostic,0.05,feasible,12.0,0.0,0.0,1,within budget on held-out split,,0.0,0.0,0.020397366050582098,exact over source images,0,285,400,0.7125,0.0,0/2000,0.0000-0.0018,0/200,0.0000-0.0183,0/200,0.0000-0.0183,0/200,0.0000-0.0183,0/200,0.0000-0.0183,0/400,0.0000-0.0092,0/400,0.0000-0.0092,0/200,0.0000-0.0183,0/200,0.0000-0.0183,0/200,0.0000-0.0183,0/200,0.0000-0.0183,0/400,0.0000-0.0092,0/400,0.0000-0.0092
gwad,explanation,0.01,feasible,12.0,0.0,0.0,1,within budget on held-out split,,0.0,0.0,0.020397366050582098,exact over source images,0,285,400,0.7125,0.0,0/2000,0.0000-0.0018,0/200,0.0000-0.0183,0/200,0.0000-0.0183,0/200,0.0000-0.0183,0/200,0.0000-0.0183,0/400,0.0000-0.0092,0/400,0.0000-0.0092,0/200,0.0000-0.0183,0/200,0.0000-0.0183,0/200,0.0000-0.0183,0/200,0.0000-0.0183,0/400,0.0000-0.0092,0/400,0.0000-0.0092
gwad,explanation,0.05,feasible,12.0,0.0,0.0,1,within budget on held-out split,,0.0,0.0,0.020397366050582098,exact over source images,0,285,400,0.7125,0.0,0/2000,0.0000-0.0018,0/200,0.0000-0.0183,0/200,0.0000-0.0183,0/200,0.0000-0.0183,0/200,0.0000-0.0183,0/400,0.0000-0.0092,0/400,0.0000-0.0092,0/200,0.0000-0.0183,0/200,0.0000-0.0183,0/200,0.0000-0.0183,0/200,0.0000-0.0183,0/400,0.0000-0.0092,0/400,0.0000-0.0092
gwad,diagnostic,0.01,feasible,12.0,0.0,0.0,1,within budget on held-out split,,0.0,0.0,0.020397366050582098,exact over source images,0,285,400,0.7125,0.0,0/2000,0.0000-0.0018,0/200,0.0000-0.0183,0/200,0.0000-0.0183,0/200,0.0000-0.0183,0/200,0.0000-0.0183,0/400,0.0000-0.0092,0/400,0.0000-0.0092,0/200,0.0000-0.0183,0/200,0.0000-0.0183,0/200,0.0000-0.0183,0/200,0.0000-0.0183,0/400,0.0000-0.0092,0/400,0.0000-0.0092
gwad,diagnostic,0.05,feasible,12.0,0.0,0.0,1,within budget on held-out split,,0.0,0.0,0.020397366050582098,exact over source images,0,285,400,0.7125,0.0,0/2000,0.0000-0.0018,0/200,0.0000-0.0183,0/200,0.0000-0.0183,0/200,0.0000-0.0183,0/200,0.0000-0.0183,0/400,0.0000-0.0092,0/400,0.0000-0.0092,0/200,0.0000-0.0183,0/200,0.0000-0.0183,0/200,0.0000-0.0183,0/200,0.0000-0.0183,0/400,0.0000-0.0092,0/400,0.0000-0.0092
