detector,workload,alarms,sessions,rate,ci_lo,ci_hi,ci_method,success_rate
blacklight,unrelated images,0,2000,0.0,0.0,0.0018427397934059364,,
blacklight,LIME (ours),200,200,1.0,0.9817246596448638,1.0,,
blacklight,KernelSHAP (ours),200,200,1.0,0.9817246596448638,1.0,,
blacklight,Occlusion (ours),200,200,1.0,0.9817246596448638,1.0,,
blacklight,RISE (ours),21,200,0.105,0.06618122702871179,0.15601870554750283,,
blacklight,restoration,400,400,1.0,0.9908201954163347,1.0,,
blacklight,confidence raising,400,400,1.0,0.9908201954163347,1.0,,
blacklight,KernelSHAP (Captum),200,200,1.0,0.9817246596448638,1.0,,
blacklight,Occlusion (Captum),200,200,1.0,0.9817246596448638,1.0,,
blacklight,noise copies,0,200,0.0,0.0,0.018275340355136237,,
blacklight,JPEG/brightness sweep,191,200,0.955,0.916297311924146,0.9792195777729956,,
blacklight,boundary probing,400,400,1.0,0.9908201954163347,1.0,,
blacklight,counterfactual search,400,400,1.0,0.9908201954163347,1.0,,
blacklight,attack (timely),275,285,0.9649122807017544,0.9432624113475178,0.9857142857142858,bootstrap over source images,0.7125
gwad_plus,unrelated images,0,2000,0.0,0.0,0.0018427397934059364,,
gwad_plus,LIME (ours),0,200,0.0,0.0,0.018275340355136237,,
gwad_plus,KernelSHAP (ours),61,200,0.305,0.2420194370235912,0.3738678045337704,,
gwad_plus,Occlusion (ours),200,200,1.0,0.9817246596448638,1.0,,
gwad_plus,RISE (ours),0,200,0.0,0.0,0.018275340355136237,,
gwad_plus,restoration,400,400,1.0,0.9908201954163347,1.0,,
gwad_plus,confidence raising,400,400,1.0,0.9908201954163347,1.0,,
gwad_plus,KernelSHAP (Captum),20,200,0.1,0.062159366254066054,0.1502127878677558,,
gwad_plus,Occlusion (Captum),0,200,0.0,0.0,0.018275340355136237,,
gwad_plus,noise copies,198,200,0.99,0.9643453316027603,0.998786650986264,,
gwad_plus,JPEG/brightness sweep,200,200,1.0,0.9817246596448638,1.0,,
gwad_plus,boundary probing,400,400,1.0,0.9908201954163347,1.0,,
gwad_plus,counterfactual search,400,400,1.0,0.9908201954163347,1.0,,
gwad_plus,attack (timely),207,285,0.7263157894736842,0.673911095527505,0.7754594112399642,bootstrap over source images,0.7125
gwad,unrelated images,0,2000,0.0,0.0,0.0018427397934059364,,
gwad,LIME (ours),0,200,0.0,0.0,0.018275340355136237,,
gwad,KernelSHAP (ours),62,200,0.31,0.24665803744172599,0.3790770405203258,,
gwad,Occlusion (ours),200,200,1.0,0.9817246596448638,1.0,,
gwad,RISE (ours),0,200,0.0,0.0,0.018275340355136237,,
gwad,restoration,400,400,1.0,0.9908201954163347,1.0,,
gwad,confidence raising,400,400,1.0,0.9908201954163347,1.0,,
gwad,KernelSHAP (Captum),13,200,0.065,0.03506070865697905,0.10858723650381519,,
gwad,Occlusion (Captum),0,200,0.0,0.0,0.018275340355136237,,
gwad,noise copies,200,200,1.0,0.9817246596448638,1.0,,
gwad,JPEG/brightness sweep,200,200,1.0,0.9817246596448638,1.0,,
gwad,boundary probing,400,400,1.0,0.9908201954163347,1.0,,
gwad,counterfactual search,400,400,1.0,0.9908201954163347,1.0,,
gwad,attack (timely),207,285,0.7263157894736842,0.673911095527505,0.7754594112399642,bootstrap over source images,0.7125
