corpus,benign,statistic,prefix,auroc,n_attack,n_benign
cifar_nes_robust,boundary_probe,drawdown,256,0.48640625000000004,400,400
cifar_nes_robust,boundary_probe,drawdown,full,0.48590000000000005,400,400
cifar_nes_robust,boundary_probe,trend,256,0.379775,400,400
cifar_nes_robust,boundary_probe,trend,full,0.33829374999999995,400,400
cifar_nes_robust,confidence_boost,drawdown,256,0.67829375,400,400
cifar_nes_robust,confidence_boost,drawdown,full,0.9093687500000001,400,400
cifar_nes_robust,confidence_boost,trend,256,1.0,400,400
cifar_nes_robust,confidence_boost,trend,full,1.0,400,400
cifar_nes_robust,counterfactual,drawdown,256,0.488703125,400,400
cifar_nes_robust,counterfactual,drawdown,full,0.48512500000000003,400,400
cifar_nes_robust,counterfactual,trend,256,0.443978125,400,400
cifar_nes_robust,counterfactual,trend,full,0.38812812500000005,400,400
cifar_nes_robust,random_walk,drawdown,256,0.8606,400,400
cifar_nes_robust,random_walk,drawdown,full,0.9262312500000001,400,400
cifar_nes_robust,random_walk,trend,256,0.6817843750000001,400,400
cifar_nes_robust,random_walk,trend,full,0.99339375,400,400
cifar_nes_robust,restore,drawdown,256,0.654228125,400,400
cifar_nes_robust,restore,drawdown,full,0.88908125,400,400
cifar_nes_robust,restore,trend,256,0.99325625,400,400
cifar_nes_robust,restore,trend,full,0.9988874999999999,400,400
cifar_nes_seed0,boundary_probe,drawdown,256,0.5140750000000001,400,400
cifar_nes_seed0,boundary_probe,drawdown,full,0.69519375,400,400
cifar_nes_seed0,boundary_probe,trend,256,0.515671875,400,400
cifar_nes_seed0,boundary_probe,trend,full,0.7851750000000001,400,400
cifar_nes_seed0,confidence_boost,drawdown,256,0.80908125,400,400
cifar_nes_seed0,confidence_boost,drawdown,full,0.99755,400,400
cifar_nes_seed0,confidence_boost,trend,256,0.99996875,400,400
cifar_nes_seed0,confidence_boost,trend,full,1.0,400,400
cifar_nes_seed0,counterfactual,drawdown,256,0.49720625,400,400
cifar_nes_seed0,counterfactual,drawdown,full,0.52105625,400,400
cifar_nes_seed0,counterfactual,trend,256,0.46404375,400,400
cifar_nes_seed0,counterfactual,trend,full,0.519765625,400,400
cifar_nes_seed0,kernelshap,drawdown,256,0.00023749999999999992,400,200
cifar_nes_seed0,kernelshap,drawdown,full,0.030487500000000008,400,200
cifar_nes_seed0,kernelshap,trend,256,0.9938375,400,200
cifar_nes_seed0,kernelshap,trend,full,0.9982625,400,200
cifar_nes_seed0,lime,drawdown,256,0.2336625,400,200
cifar_nes_seed0,lime,drawdown,full,0.2734375,400,200
cifar_nes_seed0,lime,trend,256,0.9443125,400,200
cifar_nes_seed0,lime,trend,full,0.9992749999999999,400,200
cifar_nes_seed0,noise,drawdown,256,1.0,400,200
cifar_nes_seed0,noise,drawdown,full,1.0,400,200
cifar_nes_seed0,noise,trend,256,0.9975,400,200
cifar_nes_seed0,noise,trend,full,1.0,400,200
cifar_nes_seed0,occlusion,drawdown,256,0.3479375,400,200
cifar_nes_seed0,occlusion,drawdown,full,0.7907625,400,200
cifar_nes_seed0,occlusion,trend,256,0.9864125,400,200
cifar_nes_seed0,occlusion,trend,full,0.9989875,400,200
cifar_nes_seed0,random_walk,drawdown,256,0.91225,400,400
cifar_nes_seed0,random_walk,drawdown,full,0.98185625,400,400
cifar_nes_seed0,random_walk,trend,256,0.708053125,400,400
cifar_nes_seed0,random_walk,trend,full,0.9964000000000001,400,400
cifar_nes_seed0,restore,drawdown,256,0.7489812499999999,400,400
cifar_nes_seed0,restore,drawdown,full,0.9894625,400,400
cifar_nes_seed0,restore,trend,256,0.9902562500000001,400,400
cifar_nes_seed0,restore,trend,full,0.99903125,400,400
cifar_nes_seed0,rise,drawdown,256,0.9955625,400,200
cifar_nes_seed0,rise,drawdown,full,0.9998375,400,200
cifar_nes_seed0,rise,trend,256,0.9925625,400,200
cifar_nes_seed0,rise,trend,full,0.995,400,200
cifar_nes_seed0,shuffled,drawdown,256,0.9951574999999999,400,2000
cifar_nes_seed0,shuffled,drawdown,full,0.96244875,400,2000
cifar_nes_seed0,shuffled,trend,256,0.99698875,400,2000
cifar_nes_seed0,shuffled,trend,full,0.9964850000000001,400,2000
cifar_nes_seed0,sweep,drawdown,256,0.7204750000000001,400,200
cifar_nes_seed0,sweep,drawdown,full,0.7276500000000001,400,200
cifar_nes_seed0,sweep,trend,256,0.78145,400,200
cifar_nes_seed0,sweep,trend,full,0.9547,400,200
cifar_nes_seed1,boundary_probe,drawdown,256,0.51505,400,400
cifar_nes_seed1,boundary_probe,drawdown,full,0.7063187500000001,400,400
cifar_nes_seed1,boundary_probe,trend,256,0.53889375,400,400
cifar_nes_seed1,boundary_probe,trend,full,0.7912687500000001,400,400
cifar_nes_seed1,confidence_boost,drawdown,256,0.788775,400,400
cifar_nes_seed1,confidence_boost,drawdown,full,0.99655,400,400
cifar_nes_seed1,confidence_boost,trend,256,1.0,400,400
cifar_nes_seed1,confidence_boost,trend,full,1.0,400,400
cifar_nes_seed1,counterfactual,drawdown,256,0.5002312500000001,400,400
cifar_nes_seed1,counterfactual,drawdown,full,0.51625,400,400
cifar_nes_seed1,counterfactual,trend,256,0.48086874999999996,400,400
cifar_nes_seed1,counterfactual,trend,full,0.5315,400,400
cifar_nes_seed1,random_walk,drawdown,256,0.9080124999999999,400,400
cifar_nes_seed1,random_walk,drawdown,full,0.98375,400,400
cifar_nes_seed1,random_walk,trend,256,0.72415,400,400
cifar_nes_seed1,random_walk,trend,full,0.99619375,400,400
cifar_nes_seed1,restore,drawdown,256,0.7379625,400,400
cifar_nes_seed1,restore,drawdown,full,0.98790625,400,400
cifar_nes_seed1,restore,trend,256,0.990175,400,400
cifar_nes_seed1,restore,trend,full,0.99893125,400,400
cifar_nes_seed2,boundary_probe,drawdown,256,0.5076562499999999,400,400
cifar_nes_seed2,boundary_probe,drawdown,full,0.662525,400,400
cifar_nes_seed2,boundary_probe,trend,256,0.49992187499999996,400,400
cifar_nes_seed2,boundary_probe,trend,full,0.73469375,400,400
cifar_nes_seed2,confidence_boost,drawdown,256,0.787825,400,400
cifar_nes_seed2,confidence_boost,drawdown,full,0.990375,400,400
cifar_nes_seed2,confidence_boost,trend,256,0.99995625,400,400
cifar_nes_seed2,confidence_boost,trend,full,0.9999750000000001,400,400
cifar_nes_seed2,counterfactual,drawdown,256,0.49315624999999996,400,400
cifar_nes_seed2,counterfactual,drawdown,full,0.5087999999999999,400,400
cifar_nes_seed2,counterfactual,trend,256,0.47606249999999994,400,400
cifar_nes_seed2,counterfactual,trend,full,0.51125625,400,400
cifar_nes_seed2,random_walk,drawdown,256,0.9246187499999999,400,400
cifar_nes_seed2,random_walk,drawdown,full,0.9812624999999999,400,400
cifar_nes_seed2,random_walk,trend,256,0.7176906249999999,400,400
cifar_nes_seed2,random_walk,trend,full,0.9896250000000001,400,400
cifar_nes_seed2,restore,drawdown,256,0.726525,400,400
cifar_nes_seed2,restore,drawdown,full,0.9833375000000001,400,400
cifar_nes_seed2,restore,trend,256,0.9873625000000001,400,400
cifar_nes_seed2,restore,trend,full,0.99675,400,400
cifar_nes_vgg19bn,boundary_probe,drawdown,256,0.5068062499999999,400,400
cifar_nes_vgg19bn,boundary_probe,drawdown,full,0.63925,400,400
cifar_nes_vgg19bn,boundary_probe,trend,256,0.48711562499999994,400,400
cifar_nes_vgg19bn,boundary_probe,trend,full,0.7322593750000002,400,400
cifar_nes_vgg19bn,confidence_boost,drawdown,256,0.67553125,400,400
cifar_nes_vgg19bn,confidence_boost,drawdown,full,0.90235625,400,400
cifar_nes_vgg19bn,confidence_boost,trend,256,0.99995,400,400
cifar_nes_vgg19bn,confidence_boost,trend,full,1.0,400,400
cifar_nes_vgg19bn,counterfactual,drawdown,256,0.5013125,400,400
cifar_nes_vgg19bn,counterfactual,drawdown,full,0.54216875,400,400
cifar_nes_vgg19bn,counterfactual,trend,256,0.4341625,400,400
cifar_nes_vgg19bn,counterfactual,trend,full,0.5889125,400,400
cifar_nes_vgg19bn,random_walk,drawdown,256,0.7403500000000001,400,400
cifar_nes_vgg19bn,random_walk,drawdown,full,0.87590625,400,400
cifar_nes_vgg19bn,random_walk,trend,256,0.712725,400,400
cifar_nes_vgg19bn,random_walk,trend,full,0.9972687499999999,400,400
cifar_nes_vgg19bn,restore,drawdown,256,0.62816875,400,400
cifar_nes_vgg19bn,restore,drawdown,full,0.86085625,400,400
cifar_nes_vgg19bn,restore,trend,256,0.9911,400,400
cifar_nes_vgg19bn,restore,trend,full,0.9986875000000001,400,400
cifar_simba,boundary_probe,drawdown,256,0.55114375,400,400
cifar_simba,boundary_probe,drawdown,full,0.85635,400,400
cifar_simba,boundary_probe,trend,256,0.48931250000000004,400,400
cifar_simba,boundary_probe,trend,full,0.9178031250000002,400,400
cifar_simba,confidence_boost,drawdown,256,0.9986875000000001,400,400
cifar_simba,confidence_boost,drawdown,full,0.9986812500000001,400,400
cifar_simba,confidence_boost,trend,256,0.9999937499999999,400,400
cifar_simba,confidence_boost,trend,full,1.0,400,400
cifar_simba,counterfactual,drawdown,256,0.4889875,400,400
cifar_simba,counterfactual,drawdown,full,0.5497562500000001,400,400
cifar_simba,counterfactual,trend,256,0.378884375,400,400
cifar_simba,counterfactual,trend,full,0.604740625,400,400
cifar_simba,restore,drawdown,256,0.9960500000000001,400,400
cifar_simba,restore,drawdown,full,0.9975375000000001,400,400
cifar_simba,restore,trend,256,0.9988312500000001,400,400
cifar_simba,restore,trend,full,0.99904375,400,400
gtsrb_nes,boundary_probe,drawdown,256,0.45715702947845804,420,420
gtsrb_nes,boundary_probe,drawdown,full,0.4817913832199547,420,420
gtsrb_nes,boundary_probe,trend,256,0.40937358276643987,420,420
gtsrb_nes,boundary_probe,trend,full,0.46253968253968253,420,420
gtsrb_nes,confidence_boost,drawdown,256,0.7348327664399092,420,420
gtsrb_nes,confidence_boost,drawdown,full,0.7836507936507936,420,420
gtsrb_nes,confidence_boost,trend,256,0.9792148526077098,420,420
gtsrb_nes,confidence_boost,trend,full,0.9961791383219956,420,420
gtsrb_nes,counterfactual,drawdown,256,0.45850623582766437,420,420
gtsrb_nes,counterfactual,drawdown,full,0.4538321995464853,420,420
gtsrb_nes,counterfactual,trend,256,0.4008956916099773,420,420
gtsrb_nes,counterfactual,trend,full,0.355890022675737,420,420
gtsrb_nes,random_walk,drawdown,256,0.6415589569160998,420,420
gtsrb_nes,random_walk,drawdown,full,0.7446031746031746,420,420
gtsrb_nes,random_walk,trend,256,0.8443140589569161,420,420
gtsrb_nes,random_walk,trend,full,0.975374149659864,420,420
gtsrb_nes,restore,drawdown,256,0.6789654195011336,420,420
gtsrb_nes,restore,drawdown,full,0.7517346938775509,420,420
gtsrb_nes,restore,trend,256,0.9228684807256236,420,420
gtsrb_nes,restore,trend,full,0.9868877551020409,420,420
imagenet_nes,boundary_probe,drawdown,256,0.593753125,400,400
imagenet_nes,boundary_probe,drawdown,full,0.7754125000000001,400,400
imagenet_nes,boundary_probe,trend,256,0.67191875,400,400
imagenet_nes,boundary_probe,trend,full,0.8906000000000001,400,400
imagenet_nes,confidence_boost,drawdown,256,0.9106249999999999,400,400
imagenet_nes,confidence_boost,drawdown,full,0.98154375,400,400
imagenet_nes,confidence_boost,trend,256,0.99995625,400,400
imagenet_nes,confidence_boost,trend,full,1.0,400,400
imagenet_nes,counterfactual,drawdown,256,0.53919375,400,400
imagenet_nes,counterfactual,drawdown,full,0.61526875,400,400
imagenet_nes,counterfactual,trend,256,0.51853125,400,400
imagenet_nes,counterfactual,trend,full,0.661125,400,400
imagenet_nes,kernelshap,drawdown,256,0.191175,400,200
imagenet_nes,kernelshap,drawdown,full,0.485225,400,200
imagenet_nes,kernelshap,trend,256,0.9982125000000001,400,200
imagenet_nes,kernelshap,trend,full,1.0,400,200
imagenet_nes,lime,drawdown,256,0.03457500000000001,400,200
imagenet_nes,lime,drawdown,full,0.1823,400,200
imagenet_nes,lime,trend,256,0.9980000000000001,400,200
imagenet_nes,lime,trend,full,1.0,400,200
imagenet_nes,occlusion,drawdown,256,0.646225,400,200
imagenet_nes,occlusion,drawdown,full,0.84005,400,200
imagenet_nes,occlusion,trend,256,0.9979375,400,200
imagenet_nes,occlusion,trend,full,0.9997,400,200
imagenet_nes,random_walk,drawdown,256,0.9108874999999999,400,400
imagenet_nes,random_walk,drawdown,full,0.9735312500000001,400,400
imagenet_nes,random_walk,trend,256,0.9949125,400,400
imagenet_nes,random_walk,trend,full,0.9996375,400,400
imagenet_nes,restore,drawdown,256,0.8881625000000001,400,400
imagenet_nes,restore,drawdown,full,0.9750875,400,400
imagenet_nes,restore,trend,256,0.9980562500000001,400,400
imagenet_nes,restore,trend,full,1.0,400,400
imagenet_nes,rise,drawdown,256,0.04838750000000001,400,200
imagenet_nes,rise,drawdown,full,0.17775,400,200
imagenet_nes,rise,trend,256,0.9982,400,200
imagenet_nes,rise,trend,full,1.0,400,200
