detector,profile,alpha,status,theta,calibration_R,calibration_max_F,feasible_candidates,held_out_status,violated,R,R_lo,R_hi,R_ci_method,timely,successful,attacks,success_rate,timely_of_all,F[unrelated images],Fci[unrelated images],F[LIME (lime)],Fci[LIME (lime)],F[KernelSHAP (Captum)],Fci[KernelSHAP (Captum)],F[Occlusion (Captum)],Fci[Occlusion (Captum)],F[confidence raising],Fci[confidence raising],F[noise copies],Fci[noise copies],F[JPEG/brightness sweep],Fci[JPEG/brightness sweep]
blacklight,explanation,0.01,feasible,50.0,0.0,0.0,1,within budget on held-out split,,0.0,0.0,0.041514565992637815,exact over source images,0,163,200,0.815,0.0,0/100,0.0000-0.0362,0/100,0.0000-0.0362,0/100,0.0000-0.0362,0/100,0.0000-0.0362,0/200,0.0000-0.0183,0/0,nan-nan,0/0,nan-nan
blacklight,explanation,0.05,feasible,50.0,0.0,0.0,1,within budget on held-out split,,0.0,0.0,0.041514565992637815,exact over source images,0,163,200,0.815,0.0,0/100,0.0000-0.0362,0/100,0.0000-0.0362,0/100,0.0000-0.0362,0/100,0.0000-0.0362,0/200,0.0000-0.0183,0/0,nan-nan,0/0,nan-nan
blacklight,diagnostic,0.01,feasible,50.0,0.0,0.0,1,within budget on held-out split,,0.0,0.0,0.041514565992637815,exact over source images,0,163,200,0.815,0.0,0/100,0.0000-0.0362,0/100,0.0000-0.0362,0/100,0.0000-0.0362,0/100,0.0000-0.0362,0/200,0.0000-0.0183,0/0,nan-nan,0/0,nan-nan
blacklight,diagnostic,0.05,feasible,50.0,0.0,0.0,1,within budget on held-out split,,0.0,0.0,0.041514565992637815,exact over source images,0,163,200,0.815,0.0,0/100,0.0000-0.0362,0/100,0.0000-0.0362,0/100,0.0000-0.0362,0/100,0.0000-0.0362,0/200,0.0000-0.0183,0/0,nan-nan,0/0,nan-nan
gwad_plus,explanation,0.01,feasible,5.0,0.4,0.01,29,within budget on held-out split,,0.4294478527607362,0.34545454545454546,0.5155328333138013,bootstrap over source images,70,163,200,0.815,0.35,0/100,0.0000-0.0362,0/100,0.0000-0.0362,1/100,0.0003-0.0545,0/100,0.0000-0.0362,200/200,0.9817-1.0000,0/0,nan-nan,0/0,nan-nan
gwad_plus,explanation,0.05,feasible,5.0,0.4,0.01,41,within budget on held-out split,,0.4294478527607362,0.34545454545454546,0.5155328333138013,bootstrap over source images,70,163,200,0.815,0.35,0/100,0.0000-0.0362,0/100,0.0000-0.0362,1/100,0.0003-0.0545,0/100,0.0000-0.0362,200/200,0.9817-1.0000,0/0,nan-nan,0/0,nan-nan
gwad_plus,diagnostic,0.01,feasible,11.75,0.006060606060606061,0.01,20,within budget on held-out split,,0.0,0.0,0.041514565992637815,exact over source images,0,163,200,0.815,0.0,0/100,0.0000-0.0362,0/100,0.0000-0.0362,0/100,0.0000-0.0362,0/100,0.0000-0.0362,0/200,0.0000-0.0183,0/0,nan-nan,0/0,nan-nan
gwad_plus,diagnostic,0.05,feasible,11.75,0.006060606060606061,0.01,20,within budget on held-out split,,0.0,0.0,0.041514565992637815,exact over source images,0,163,200,0.815,0.0,0/100,0.0000-0.0362,0/100,0.0000-0.0362,0/100,0.0000-0.0362,0/100,0.0000-0.0362,0/200,0.0000-0.0183,0/0,nan-nan,0/0,nan-nan
gwad,explanation,0.01,feasible,12.0,0.0,0.0,1,within budget on held-out split,,0.0,0.0,0.041514565992637815,exact over source images,0,163,200,0.815,0.0,0/100,0.0000-0.0362,0/100,0.0000-0.0362,0/100,0.0000-0.0362,0/100,0.0000-0.0362,0/200,0.0000-0.0183,0/0,nan-nan,0/0,nan-nan
gwad,explanation,0.05,feasible,5.5,0.38181818181818183,0.05,27,within budget on held-out split,,0.4049079754601227,0.3170731707317073,0.49390243902439024,bootstrap over source images,66,163,200,0.815,0.33,0/100,0.0000-0.0362,0/100,0.0000-0.0362,2/100,0.0024-0.0704,0/100,0.0000-0.0362,200/200,0.9817-1.0000,0/0,nan-nan,0/0,nan-nan
gwad,diagnostic,0.01,feasible,12.0,0.0,0.0,1,within budget on held-out split,,0.0,0.0,0.041514565992637815,exact over source images,0,163,200,0.815,0.0,0/100,0.0000-0.0362,0/100,0.0000-0.0362,0/100,0.0000-0.0362,0/100,0.0000-0.0362,0/200,0.0000-0.0183,0/0,nan-nan,0/0,nan-nan
gwad,diagnostic,0.05,feasible,11.75,0.006060606060606061,0.02,20,within budget on held-out split,,0.0,0.0,0.041514565992637815,exact over source images,0,163,200,0.815,0.0,0/100,0.0000-0.0362,0/100,0.0000-0.0362,0/100,0.0000-0.0362,0/100,0.0000-0.0362,0/200,0.0000-0.0183,0/0,nan-nan,0/0,nan-nan
