prefix,objective,tier,n,alarm_rate,threshold
64,attack,attack,400,0.2175,0.4666666666666666
64,boundary_probe,attack-equivalent,400,0.235,0.4666666666666666
64,confidence_boost,benign,400,0.0,0.4666666666666666
64,counterfactual,attack-equivalent,400,0.2175,0.4666666666666666
64,kernelshap,benign,200,0.01,0.4666666666666666
64,lime,benign,200,0.07,0.4666666666666666
64,noise,benign,200,0.0,0.4666666666666666
64,occlusion,benign,200,0.005,0.4666666666666666
64,random_walk,benign,400,0.2525,0.4666666666666666
64,restore,benign,400,0.0625,0.4666666666666666
64,rise,benign,200,0.0,0.4666666666666666
64,shuffled,benign,2000,0.0,0.4666666666666666
64,sweep,benign,200,0.2,0.4666666666666666
128,attack,attack,400,0.4275,0.33333333333333337
128,boundary_probe,attack-equivalent,400,0.455,0.33333333333333337
128,confidence_boost,benign,400,0.0,0.33333333333333337
128,counterfactual,attack-equivalent,400,0.4375,0.33333333333333337
128,kernelshap,benign,200,0.045,0.33333333333333337
128,lime,benign,200,0.055,0.33333333333333337
128,noise,benign,200,0.0,0.33333333333333337
128,occlusion,benign,200,0.035,0.33333333333333337
128,random_walk,benign,400,0.3875,0.33333333333333337
128,restore,benign,400,0.04,0.33333333333333337
128,rise,benign,200,0.0,0.33333333333333337
128,shuffled,benign,2000,0.0,0.33333333333333337
128,sweep,benign,200,0.215,0.33333333333333337
192,attack,attack,400,0.84,0.33333333333333337
192,boundary_probe,attack-equivalent,400,0.805,0.33333333333333337
192,confidence_boost,benign,400,0.0,0.33333333333333337
192,counterfactual,attack-equivalent,400,0.875,0.33333333333333337
192,kernelshap,benign,200,0.01,0.33333333333333337
192,lime,benign,200,0.075,0.33333333333333337
192,noise,benign,200,0.0,0.33333333333333337
192,occlusion,benign,200,0.05,0.33333333333333337
192,random_walk,benign,400,0.425,0.33333333333333337
192,restore,benign,400,0.0175,0.33333333333333337
192,rise,benign,200,0.0,0.33333333333333337
192,shuffled,benign,2000,0.0,0.33333333333333337
192,sweep,benign,200,0.25,0.33333333333333337
256,attack,attack,400,0.96,0.33333333333333337
256,boundary_probe,attack-equivalent,400,0.8975,0.33333333333333337
256,confidence_boost,benign,400,0.0,0.33333333333333337
256,counterfactual,attack-equivalent,400,0.9625,0.33333333333333337
256,kernelshap,benign,200,0.0,0.33333333333333337
256,lime,benign,200,0.08,0.33333333333333337
256,noise,benign,200,0.0,0.33333333333333337
256,occlusion,benign,200,0.065,0.33333333333333337
256,random_walk,benign,400,0.43,0.33333333333333337
256,restore,benign,400,0.01,0.33333333333333337
256,rise,benign,200,0.005,0.33333333333333337
256,shuffled,benign,2000,0.0,0.33333333333333337
256,sweep,benign,200,0.3,0.33333333333333337
384,attack,attack,400,0.995,0.2943592254134029
384,boundary_probe,attack-equivalent,400,0.9275,0.2943592254134029
384,confidence_boost,benign,400,0.0,0.2943592254134029
384,counterfactual,attack-equivalent,400,0.9975,0.2943592254134029
384,kernelshap,benign,200,0.0,0.2943592254134029
384,lime,benign,200,0.105,0.2943592254134029
384,noise,benign,200,0.0,0.2943592254134029
384,occlusion,benign,200,0.105,0.2943592254134029
384,random_walk,benign,400,0.4175,0.2943592254134029
384,restore,benign,400,0.0075,0.2943592254134029
384,rise,benign,200,0.005,0.2943592254134029
384,shuffled,benign,2000,0.0,0.2943592254134029
384,sweep,benign,200,0.385,0.2943592254134029
512,attack,attack,400,0.9975,0.29861790606653627
512,boundary_probe,attack-equivalent,400,0.9125,0.29861790606653627
512,confidence_boost,benign,400,0.0,0.29861790606653627
512,counterfactual,attack-equivalent,400,1.0,0.29861790606653627
512,kernelshap,benign,200,0.0,0.29861790606653627
512,lime,benign,200,0.075,0.29861790606653627
512,noise,benign,200,0.0,0.29861790606653627
512,occlusion,benign,200,0.1,0.29861790606653627
512,random_walk,benign,400,0.4375,0.29861790606653627
512,restore,benign,400,0.015,0.29861790606653627
512,rise,benign,200,0.005,0.29861790606653627
512,shuffled,benign,2000,0.0,0.29861790606653627
512,sweep,benign,200,0.39,0.29861790606653627
640,attack,attack,400,0.9975,0.26236306729264475
640,boundary_probe,attack-equivalent,400,0.915,0.26236306729264475
640,confidence_boost,benign,400,0.0,0.26236306729264475
640,counterfactual,attack-equivalent,400,1.0,0.26236306729264475
640,kernelshap,benign,200,0.0,0.26236306729264475
640,lime,benign,200,0.095,0.26236306729264475
640,noise,benign,200,0.0,0.26236306729264475
640,occlusion,benign,200,0.13,0.26236306729264475
640,random_walk,benign,400,0.45,0.26236306729264475
640,restore,benign,400,0.0275,0.26236306729264475
640,rise,benign,200,0.005,0.26236306729264475
640,shuffled,benign,2000,0.0,0.26236306729264475
640,sweep,benign,200,0.435,0.26236306729264475
768,attack,attack,400,0.9975,0.24220985370917625
768,boundary_probe,attack-equivalent,400,0.9075,0.24220985370917625
768,confidence_boost,benign,400,0.0,0.24220985370917625
768,counterfactual,attack-equivalent,400,1.0,0.24220985370917625
768,kernelshap,benign,200,0.01,0.24220985370917625
768,lime,benign,200,0.045,0.24220985370917625
768,noise,benign,200,0.0,0.24220985370917625
768,occlusion,benign,200,0.105,0.24220985370917625
768,random_walk,benign,400,0.405,0.24220985370917625
768,restore,benign,400,0.0475,0.24220985370917625
768,rise,benign,200,0.005,0.24220985370917625
768,shuffled,benign,2000,0.0,0.24220985370917625
768,sweep,benign,200,0.465,0.24220985370917625
896,attack,attack,400,0.9975,0.24220985370917625
896,boundary_probe,attack-equivalent,400,0.885,0.24220985370917625
896,confidence_boost,benign,400,0.0,0.24220985370917625
896,counterfactual,attack-equivalent,400,1.0,0.24220985370917625
896,kernelshap,benign,200,0.01,0.24220985370917625
896,lime,benign,200,0.045,0.24220985370917625
896,noise,benign,200,0.0,0.24220985370917625
896,occlusion,benign,200,0.1,0.24220985370917625
896,random_walk,benign,400,0.39,0.24220985370917625
896,restore,benign,400,0.0675,0.24220985370917625
896,rise,benign,200,0.005,0.24220985370917625
896,shuffled,benign,2000,0.0,0.24220985370917625
896,sweep,benign,200,0.455,0.24220985370917625
1021,attack,attack,400,0.9975,0.2594948328112952
1021,boundary_probe,attack-equivalent,400,0.86,0.2594948328112952
1021,confidence_boost,benign,400,0.0,0.2594948328112952
1021,counterfactual,attack-equivalent,400,1.0,0.2594948328112952
1021,kernelshap,benign,200,0.005,0.2594948328112952
1021,lime,benign,200,0.015,0.2594948328112952
1021,noise,benign,200,0.0,0.2594948328112952
1021,occlusion,benign,200,0.095,0.2594948328112952
1021,random_walk,benign,400,0.3975,0.2594948328112952
1021,restore,benign,400,0.0775,0.2594948328112952
1021,rise,benign,200,0.005,0.2594948328112952
1021,shuffled,benign,2000,0.0005,0.2594948328112952
1021,sweep,benign,200,0.475,0.2594948328112952
