dataset_index,source_label,split
864,0,calibration
2697,0,calibration
3421,0,calibration
3651,0,calibration
4759,0,calibration
5091,0,calibration
5339,0,calibration
6408,0,calibration
6601,0,calibration
6623,0,calibration
2345,1,calibration
2522,1,calibration
3930,1,calibration
6329,1,calibration
6714,1,calibration
6940,1,calibration
7363,1,calibration
8744,1,calibration
9145,1,calibration
9824,1,calibration
129,2,calibration
374,2,calibration
2544,2,calibration
4427,2,calibration
6407,2,calibration
7092,2,calibration
8720,2,calibration
9059,2,calibration
9679,2,calibration
9681,2,calibration
1597,3,calibration
2231,3,calibration
2633,3,calibration
3649,3,calibration
4422,3,calibration
5822,3,calibration
6364,3,calibration
6898,3,calibration
7980,3,calibration
8023,3,calibration
627,4,calibration
1133,4,calibration
1624,4,calibration
4448,4,calibration
4675,4,calibration
5495,4,calibration
5633,4,calibration
8753,4,calibration
9116,4,calibration
9524,4,calibration
817,5,calibration
1055,5,calibration
2055,5,calibration
3404,5,calibration
3688,5,calibration
5112,5,calibration
5553,5,calibration
6278,5,calibration
9640,5,calibration
9649,5,calibration
501,6,calibration
1578,6,calibration
1931,6,calibration
2561,6,calibration
5384,6,calibration
6019,6,calibration
7874,6,calibration
8160,6,calibration
8609,6,calibration
8791,6,calibration
56,7,calibration
2788,7,calibration
3377,7,calibration
4412,7,calibration
4853,7,calibration
5153,7,calibration
7079,7,calibration
8124,7,calibration
8568,7,calibration
9372,7,calibration
703,8,calibration
859,8,calibration
1216,8,calibration
1691,8,calibration
3803,8,calibration
4024,8,calibration
4651,8,calibration
6342,8,calibration
6758,8,calibration
8329,8,calibration
157,9,calibration
2902,9,calibration
3126,9,calibration
3742,9,calibration
4336,9,calibration
4518,9,calibration
5608,9,calibration
6891,9,calibration
8350,9,calibration
8355,9,calibration
1323,0,development
9459,0,development
726,1,development
1991,1,development
1479,2,development
2303,2,development
7905,3,development
8169,3,development
6661,4,development
9377,4,development
4238,5,development
4321,5,development
5297,6,development
5429,6,development
3722,7,development
5965,7,development
1311,8,development
3871,8,development
7155,9,development
8065,9,development
153,0,evaluation
1266,0,evaluation
2993,0,evaluation
4028,0,evaluation
4415,0,evaluation
4817,0,evaluation
5160,0,evaluation
5703,0,evaluation
5951,0,evaluation
7096,0,evaluation
8073,0,evaluation
8185,0,evaluation
8543,0,evaluation
8812,0,evaluation
8970,0,evaluation
8991,0,evaluation
9766,0,evaluation
9852,0,evaluation
9980,0,evaluation
9991,0,evaluation
1158,1,evaluation
1190,1,evaluation
1378,1,evaluation
1457,1,evaluation
1797,1,evaluation
1904,1,evaluation
2748,1,evaluation
2758,1,evaluation
3418,1,evaluation
3891,1,evaluation
3921,1,evaluation
4015,1,evaluation
4025,1,evaluation
4466,1,evaluation
6184,1,evaluation
6639,1,evaluation
6788,1,evaluation
7555,1,evaluation
8880,1,evaluation
9079,1,evaluation
113,2,evaluation
674,2,evaluation
692,2,evaluation
837,2,evaluation
1038,2,evaluation
1202,2,evaluation
3408,2,evaluation
3773,2,evaluation
3960,2,evaluation
4157,2,evaluation
4546,2,evaluation
4622,2,evaluation
5691,2,evaluation
6160,2,evaluation
7108,2,evaluation
7664,2,evaluation
8284,2,evaluation
9424,2,evaluation
9475,2,evaluation
9893,2,evaluation
0,3,evaluation
46,3,evaluation
3329,3,evaluation
3570,3,evaluation
3700,3,evaluation
4804,3,evaluation
5490,3,evaluation
5655,3,evaluation
5815,3,evaluation
6138,3,evaluation
6465,3,evaluation
6769,3,evaluation
7224,3,evaluation
7489,3,evaluation
7854,3,evaluation
8216,3,evaluation
8258,3,evaluation
8594,3,evaluation
9087,3,evaluation
9584,3,evaluation
236,4,evaluation
463,4,evaluation
1375,4,evaluation
3090,4,evaluation
4047,4,evaluation
4099,4,evaluation
4578,4,evaluation
4584,4,evaluation
4616,4,evaluation
5884,4,evaluation
5983,4,evaluation
6171,4,evaluation
6582,4,evaluation
6665,4,evaluation
7277,4,evaluation
7325,4,evaluation
7726,4,evaluation
8375,4,evaluation
8497,4,evaluation
9770,4,evaluation
148,5,evaluation
649,5,evaluation
1290,5,evaluation
3959,5,evaluation
4259,5,evaluation
4777,5,evaluation
4810,5,evaluation
5064,5,evaluation
5076,5,evaluation
5178,5,evaluation
5269,5,evaluation
6092,5,evaluation
7295,5,evaluation
7346,5,evaluation
7438,5,evaluation
8697,5,evaluation
8904,5,evaluation
9180,5,evaluation
9838,5,evaluation
9878,5,evaluation
41,6,evaluation
93,6,evaluation
610,6,evaluation
976,6,evaluation
1062,6,evaluation
1985,6,evaluation
2093,6,evaluation
2666,6,evaluation
2865,6,evaluation
3993,6,evaluation
4161,6,evaluation
5451,6,evaluation
6192,6,evaluation
6255,6,evaluation
6645,6,evaluation
7691,6,evaluation
8100,6,evaluation
8191,6,evaluation
8315,6,evaluation
8948,6,evaluation
1476,7,evaluation
1699,7,evaluation
2084,7,evaluation
2505,7,evaluation
2626,7,evaluation
3232,7,evaluation
3876,7,evaluation
4837,7,evaluation
5465,7,evaluation
5764,7,evaluation
5842,7,evaluation
5929,7,evaluation
6099,7,evaluation
6612,7,evaluation
6745,7,evaluation
7505,7,evaluation
8235,7,evaluation
8793,7,evaluation
9478,7,evaluation
9479,7,evaluation
362,8,evaluation
516,8,evaluation
722,8,evaluation
1510,8,evaluation
1826,8,evaluation
2135,8,evaluation
2196,8,evaluation
4496,8,evaluation
4709,8,evaluation
4769,8,evaluation
5188,8,evaluation
5777,8,evaluation
6211,8,evaluation
6610,8,evaluation
8608,8,evaluation
8875,8,evaluation
9018,8,evaluation
9239,8,evaluation
9266,8,evaluation
9655,8,evaluation
335,9,evaluation
1060,9,evaluation
1387,9,evaluation
1913,9,evaluation
2188,9,evaluation
2202,9,evaluation
2571,9,evaluation
3225,9,evaluation
3727,9,evaluation
4514,9,evaluation
4979,9,evaluation
5143,9,evaluation
5300,9,evaluation
5400,9,evaluation
6435,9,evaluation
7179,9,evaluation
8512,9,evaluation
8849,9,evaluation
9159,9,evaluation
9249,9,evaluation
90,0,fit
539,0,fit
2400,0,fit
3943,0,fit
4373,0,fit
5253,0,fit
7069,0,fit
7513,0,fit
8400,0,fit
9954,0,fit
204,1,fit
2504,1,fit
2620,1,fit
3372,1,fit
3701,1,fit
4752,1,fit
7535,1,fit
7986,1,fit
9496,1,fit
9909,1,fit
1496,2,fit
1678,2,fit
2997,2,fit
3319,2,fit
3720,2,fit
6703,2,fit
7082,2,fit
8062,2,fit
8252,2,fit
9728,2,fit
294,3,fit
336,3,fit
1112,3,fit
2285,3,fit
2991,3,fit
4467,3,fit
5825,3,fit
6842,3,fit
8196,3,fit
8677,3,fit
458,4,fit
983,4,fit
1336,4,fit
2191,4,fit
3222,4,fit
3507,4,fit
5329,4,fit
6507,4,fit
7094,4,fit
7204,4,fit
679,5,fit
3558,5,fit
3798,5,fit
4072,5,fit
4587,5,fit
5947,5,fit
6835,5,fit
6920,5,fit
9025,5,fit
9887,5,fit
347,6,fit
1562,6,fit
2702,6,fit
3124,6,fit
3597,6,fit
6239,6,fit
6578,6,fit
6801,6,fit
8771,6,fit
9241,6,fit
109,7,fit
216,7,fit
620,7,fit
741,7,fit
1635,7,fit
2028,7,fit
2771,7,fit
3330,7,fit
6657,7,fit
8706,7,fit
612,8,fit
636,8,fit
2429,8,fit
2437,8,fit
3630,8,fit
4242,8,fit
4347,8,fit
5383,8,fit
6179,8,fit
7793,8,fit
225,9,fit
1915,9,fit
3397,9,fit
3409,9,fit
3770,9,fit
4445,9,fit
4656,9,fit
9069,9,fit
9773,9,fit
9927,9,fit
