workload,negative,prefix,n_eval_pairs,median_prefix,detector,auroc,note,lo,hi
denoise,boundary_probe,128,200,128.0,single:gwad_plus_max,,no GWAD window yet,,
denoise,boundary_probe,128,200,128.0,single:bl_max,0.4259499999999999,,0.37158593749999996,0.47533937499999995
denoise,boundary_probe,128,200,128.0,single:out_pref_slope,0.5893750000000001,,0.567548125,0.6154762500000001
denoise,boundary_probe,128,200,128.0,logreg:gwad_plus,,no GWAD window yet,,
denoise,boundary_probe,128,200,128.0,logreg:blacklight,0.4369625,,0.37710937499999997,0.49240656250000003
denoise,boundary_probe,128,200,128.0,logreg:query_only_all,0.4369625,,0.378916875,0.49094625000000003
denoise,boundary_probe,128,200,128.0,logreg:output_trajectory,0.672925,,0.6279650000000001,0.713275625
denoise,boundary_probe,128,200,128.0,logreg:gwad,,no GWAD window yet,,
denoise,boundary_probe,256,200,256.0,single:gwad_plus_max,,no GWAD window yet,,
denoise,boundary_probe,256,200,256.0,single:bl_max,0.5832124999999999,,0.5308709375,0.6358071875
denoise,boundary_probe,256,200,256.0,single:out_pref_slope,0.653775,,0.6286250000000001,0.6843037499999999
denoise,boundary_probe,256,200,256.0,logreg:gwad_plus,,no GWAD window yet,,
denoise,boundary_probe,256,200,256.0,logreg:blacklight,0.5069000000000001,,0.4622365625,0.5532765625
denoise,boundary_probe,256,200,256.0,logreg:query_only_all,0.5069000000000001,,0.45849,0.5565496875
denoise,boundary_probe,256,200,256.0,logreg:output_trajectory,0.7719750000000001,,0.7321706250000001,0.8103025
denoise,boundary_probe,256,200,256.0,logreg:gwad,,no GWAD window yet,,
denoise,boundary_probe,512,200,512.0,single:gwad_plus_max,0.6686375,,0.61556875,0.724595
denoise,boundary_probe,512,200,512.0,single:bl_max,0.5876375,,0.526195625,0.6447353125
denoise,boundary_probe,512,200,512.0,single:out_pref_slope,0.73155,,0.70692,0.7609268750000001
denoise,boundary_probe,512,200,512.0,logreg:gwad_plus,0.783775,,0.7376524999999999,0.8308374999999999
denoise,boundary_probe,512,200,512.0,logreg:blacklight,0.5997374999999999,,0.5456496875,0.6542443749999999
denoise,boundary_probe,512,200,512.0,logreg:query_only_all,0.7850250000000001,,0.7377787499999999,0.8291506249999999
denoise,boundary_probe,512,200,512.0,logreg:output_trajectory,0.9123249999999999,,0.8844481249999999,0.937158125
denoise,boundary_probe,512,200,512.0,logreg:gwad,0.78345,,0.7371618750000001,0.8296062500000001
denoise,boundary_probe,1024,200,1024.0,single:gwad_plus_max,0.755425,,0.7110015624999999,0.8045903125
denoise,boundary_probe,1024,200,1024.0,single:bl_max,0.632575,,0.5814121875,0.6788184374999999
denoise,boundary_probe,1024,200,1024.0,single:out_pref_slope,0.77915,,0.7539168749999999,0.8061275
denoise,boundary_probe,1024,200,1024.0,logreg:gwad_plus,0.8675249999999999,,0.8284737500000001,0.9025593749999999
denoise,boundary_probe,1024,200,1024.0,logreg:blacklight,0.6025,,0.5481209375,0.6596734375
denoise,boundary_probe,1024,200,1024.0,logreg:query_only_all,0.8716,,0.83139625,0.906355
denoise,boundary_probe,1024,200,1024.0,logreg:output_trajectory,0.9593499999999999,,0.9421950000000001,0.973375625
denoise,boundary_probe,1024,200,1024.0,logreg:gwad,0.8674249999999999,,0.8316218750000001,0.90535125
denoise,boundary_probe,attack_truncated,189,255.0,single:gwad_plus_max,,no GWAD window yet,,
denoise,boundary_probe,attack_truncated,189,255.0,single:bl_max,0.5039612552840066,,0.46949098569468944,0.5407876319251981
denoise,boundary_probe,attack_truncated,189,255.0,single:out_pref_slope,0.5700568293160886,,0.5466805240614764,0.5964327706391199
denoise,boundary_probe,attack_truncated,189,255.0,logreg:gwad_plus,,no GWAD window yet,,
denoise,boundary_probe,attack_truncated,189,255.0,logreg:blacklight,0.48411298675848946,,0.4342781557067272,0.5345343075501806
denoise,boundary_probe,attack_truncated,189,255.0,logreg:query_only_all,0.48411298675848946,,0.43603202597911594,0.5340031074158058
denoise,boundary_probe,attack_truncated,189,255.0,logreg:output_trajectory,0.844517230760617,,0.8113196719016825,0.8768539514571262
denoise,boundary_probe,attack_truncated,189,255.0,logreg:gwad,,no GWAD window yet,,
denoise,boundary_probe,pre_either_flip,186,255.0,single:gwad_plus_max,,no GWAD window yet,,
denoise,boundary_probe,pre_either_flip,186,255.0,single:bl_max,0.5026303618915482,,0.4648319169846225,0.5392556220372299
denoise,boundary_probe,pre_either_flip,186,255.0,single:out_pref_slope,0.5637067869117817,,0.5377485836512892,0.5925562203722974
denoise,boundary_probe,pre_either_flip,186,255.0,logreg:gwad_plus,,no GWAD window yet,,
denoise,boundary_probe,pre_either_flip,186,255.0,logreg:blacklight,0.4758642617643659,,0.4246285697768528,0.5282135217944272
denoise,boundary_probe,pre_either_flip,186,255.0,logreg:query_only_all,0.4758642617643659,,0.42640695456122096,0.5226644698809111
denoise,boundary_probe,pre_either_flip,186,255.0,logreg:output_trajectory,0.6364030523759973,,0.5997795987975488,0.6757175685050295
denoise,boundary_probe,pre_either_flip,186,255.0,logreg:gwad,,no GWAD window yet,,
denoise,confidence_boost,128,200,128.0,single:gwad_plus_max,,no GWAD window yet,,
denoise,confidence_boost,128,200,128.0,single:bl_max,0.4828124999999999,,0.4285662499999999,0.5373609374999999
denoise,confidence_boost,128,200,128.0,single:out_pref_slope,1.0,,0.9999999999999999,1.0
denoise,confidence_boost,128,200,128.0,logreg:gwad_plus,,no GWAD window yet,,
denoise,confidence_boost,128,200,128.0,logreg:blacklight,0.4616625,,0.40394875,0.5181465624999999
denoise,confidence_boost,128,200,128.0,logreg:query_only_all,0.4616625,,0.4065015625,0.5176671875000001
denoise,confidence_boost,128,200,128.0,logreg:output_trajectory,1.0,,0.9999999999999999,1.0
denoise,confidence_boost,128,200,128.0,logreg:gwad,,no GWAD window yet,,
denoise,confidence_boost,256,200,256.0,single:gwad_plus_max,,no GWAD window yet,,
denoise,confidence_boost,256,200,256.0,single:bl_max,0.5193125,,0.4649224999999999,0.5743018750000001
denoise,confidence_boost,256,200,256.0,single:out_pref_slope,1.0,,0.9999999999999999,1.0
denoise,confidence_boost,256,200,256.0,logreg:gwad_plus,,no GWAD window yet,,
denoise,confidence_boost,256,200,256.0,logreg:blacklight,0.5129125000000001,,0.45926218750000003,0.5699799999999999
denoise,confidence_boost,256,200,256.0,logreg:query_only_all,0.5129125000000001,,0.45531625000000003,0.5663009374999999
denoise,confidence_boost,256,200,256.0,logreg:output_trajectory,1.0,,0.9999999999999999,1.0
denoise,confidence_boost,256,200,256.0,logreg:gwad,,no GWAD window yet,,
denoise,confidence_boost,512,200,512.0,single:gwad_plus_max,0.4579875,,0.4009853125,0.506681875
denoise,confidence_boost,512,200,512.0,single:bl_max,0.5458000000000001,,0.48826062499999995,0.6002728125000001
denoise,confidence_boost,512,200,512.0,single:out_pref_slope,1.0,,0.9999999999999999,1.0
denoise,confidence_boost,512,200,512.0,logreg:gwad_plus,0.5260750000000001,,0.47148625000000005,0.5812575
denoise,confidence_boost,512,200,512.0,logreg:blacklight,0.5373625,,0.48531062500000005,0.587833125
denoise,confidence_boost,512,200,512.0,logreg:query_only_all,0.5453250000000001,,0.49202375000000004,0.5982931250000001
denoise,confidence_boost,512,200,512.0,logreg:output_trajectory,1.0,,0.9999999999999999,1.0
denoise,confidence_boost,512,200,512.0,logreg:gwad,0.5239750000000001,,0.46626312500000006,0.5774137500000001
denoise,confidence_boost,1024,200,1024.0,single:gwad_plus_max,0.6013624999999999,,0.546771875,0.6584774999999999
denoise,confidence_boost,1024,200,1024.0,single:bl_max,0.514375,,0.45333,0.5661390625
denoise,confidence_boost,1024,200,1024.0,single:out_pref_slope,1.0,,0.9999999999999999,1.0
denoise,confidence_boost,1024,200,1024.0,logreg:gwad_plus,0.62075,,0.56854125,0.6760518750000001
denoise,confidence_boost,1024,200,1024.0,logreg:blacklight,0.4559125,,0.40118125,0.508780625
denoise,confidence_boost,1024,200,1024.0,logreg:query_only_all,0.593325,,0.539755,0.647460625
denoise,confidence_boost,1024,200,1024.0,logreg:output_trajectory,1.0,,0.9999999999999999,1.0
denoise,confidence_boost,1024,200,1024.0,logreg:gwad,0.620725,,0.568389375,0.67285375
denoise,confidence_boost,attack_truncated,189,255.0,single:gwad_plus_max,,no GWAD window yet,,
denoise,confidence_boost,attack_truncated,189,255.0,single:bl_max,0.5040312421264802,,0.4672622546961171,0.5410297864001568
denoise,confidence_boost,attack_truncated,189,255.0,single:out_pref_slope,0.991461605218219,,0.9792768959435626,1.0
denoise,confidence_boost,attack_truncated,189,255.0,logreg:gwad_plus,,no GWAD window yet,,
denoise,confidence_boost,attack_truncated,189,255.0,logreg:blacklight,0.48472887097225725,,0.4350886033425716,0.5324598975392626
denoise,confidence_boost,attack_truncated,189,255.0,logreg:query_only_all,0.48472887097225725,,0.4330148932000784,0.5370013437473755
denoise,confidence_boost,attack_truncated,189,255.0,logreg:output_trajectory,0.9939531368102797,,0.9830064947789815,1.0
denoise,confidence_boost,attack_truncated,189,255.0,logreg:gwad,,no GWAD window yet,,
denoise,confidence_boost,pre_either_flip,185,272.0,single:gwad_plus_max,,no GWAD window yet,,
denoise,confidence_boost,pre_either_flip,185,272.0,single:bl_max,0.5052739225712198,,0.46547918188458726,0.5443031409788166
denoise,confidence_boost,pre_either_flip,185,272.0,single:out_pref_slope,0.9911760409057706,,0.9783484295105918,1.0
denoise,confidence_boost,pre_either_flip,185,272.0,logreg:gwad_plus,,no GWAD window yet,,
denoise,confidence_boost,pre_either_flip,185,272.0,logreg:blacklight,0.4847041636230825,,0.4307574872169466,0.5358882395909423
denoise,confidence_boost,pre_either_flip,185,272.0,logreg:query_only_all,0.4847041636230825,,0.4342658875091308,0.535845142439737
denoise,confidence_boost,pre_either_flip,185,272.0,logreg:output_trajectory,0.9929291453615777,,0.9823498904309715,1.0
denoise,confidence_boost,pre_either_flip,185,272.0,logreg:gwad,,no GWAD window yet,,
denoise,counterfactual,128,200,128.0,single:gwad_plus_max,,no GWAD window yet,,
denoise,counterfactual,128,200,128.0,single:bl_max,0.47693749999999996,,0.42746468750000005,0.5226065625
denoise,counterfactual,128,200,128.0,single:out_pref_slope,0.56105,,0.54267,0.585441875
denoise,counterfactual,128,200,128.0,logreg:gwad_plus,,no GWAD window yet,,
denoise,counterfactual,128,200,128.0,logreg:blacklight,0.451425,,0.4051553125,0.4935156249999999
denoise,counterfactual,128,200,128.0,logreg:query_only_all,0.451425,,0.4118603125,0.49434
denoise,counterfactual,128,200,128.0,logreg:output_trajectory,0.70595,,0.6661912499999999,0.7429912499999999
denoise,counterfactual,128,200,128.0,logreg:gwad,,no GWAD window yet,,
denoise,counterfactual,256,200,256.0,single:gwad_plus_max,,no GWAD window yet,,
denoise,counterfactual,256,200,256.0,single:bl_max,0.5105875,,0.4554596875,0.5647284375000001
denoise,counterfactual,256,200,256.0,single:out_pref_slope,0.572375,,0.5514487499999999,0.5970275
denoise,counterfactual,256,200,256.0,logreg:gwad_plus,,no GWAD window yet,,
denoise,counterfactual,256,200,256.0,logreg:blacklight,0.458825,,0.4142640625000001,0.502809375
denoise,counterfactual,256,200,256.0,logreg:query_only_all,0.458825,,0.41367468749999997,0.502669375
denoise,counterfactual,256,200,256.0,logreg:output_trajectory,0.73515,,0.69884875,0.7714543749999999
denoise,counterfactual,256,200,256.0,logreg:gwad,,no GWAD window yet,,
denoise,counterfactual,512,200,512.0,single:gwad_plus_max,0.503675,,0.4442440624999999,0.55721875
denoise,counterfactual,512,200,512.0,single:bl_max,0.48043749999999996,,0.430434375,0.53771375
denoise,counterfactual,512,200,512.0,single:out_pref_slope,0.565975,,0.5439487500000001,0.58962875
denoise,counterfactual,512,200,512.0,logreg:gwad_plus,0.5381,,0.483171875,0.596045
denoise,counterfactual,512,200,512.0,logreg:blacklight,0.4899375,,0.4334215625,0.539215
denoise,counterfactual,512,200,512.0,logreg:query_only_all,0.5435000000000001,,0.486518125,0.597584375
denoise,counterfactual,512,200,512.0,logreg:output_trajectory,0.7811,,0.743459375,0.817528125
denoise,counterfactual,512,200,512.0,logreg:gwad,0.53745,,0.4780975,0.59555875
denoise,counterfactual,1024,200,1024.0,single:gwad_plus_max,0.47726250000000003,,0.42317156250000004,0.5295012499999999
denoise,counterfactual,1024,200,1024.0,single:bl_max,0.47098749999999995,,0.4166115625,0.5205121875
denoise,counterfactual,1024,200,1024.0,single:out_pref_slope,0.536625,,0.5147918749999999,0.5610031249999999
denoise,counterfactual,1024,200,1024.0,logreg:gwad_plus,0.5873,,0.5390375000000001,0.6432456249999999
denoise,counterfactual,1024,200,1024.0,logreg:blacklight,0.5154375,,0.46319906250000004,0.571855625
denoise,counterfactual,1024,200,1024.0,logreg:query_only_all,0.592625,,0.5416993750000001,0.6451868749999999
denoise,counterfactual,1024,200,1024.0,logreg:output_trajectory,0.8371,,0.8026725,0.87045
denoise,counterfactual,1024,200,1024.0,logreg:gwad,0.587475,,0.53322875,0.63810125
denoise,counterfactual,attack_truncated,189,255.0,single:gwad_plus_max,,no GWAD window yet,,
denoise,counterfactual,attack_truncated,189,255.0,single:bl_max,0.4840010078105316,,0.4486810979535847,0.51723460989334
denoise,counterfactual,attack_truncated,189,255.0,single:out_pref_slope,0.614708434814255,,0.583406119649506,0.6484168976232468
denoise,counterfactual,attack_truncated,189,255.0,logreg:gwad_plus,,no GWAD window yet,,
denoise,counterfactual,attack_truncated,189,255.0,logreg:blacklight,0.4926933736457546,,0.4497067551300356,0.5383944318468128
denoise,counterfactual,attack_truncated,189,255.0,logreg:query_only_all,0.4926933736457546,,0.44957727947145937,0.5355960079505053
denoise,counterfactual,attack_truncated,189,255.0,logreg:output_trajectory,0.8613980571652529,,0.8320196803001035,0.8916932616668067
denoise,counterfactual,attack_truncated,189,255.0,logreg:gwad,,no GWAD window yet,,
denoise,counterfactual,pre_either_flip,184,255.0,single:gwad_plus_max,,no GWAD window yet,,
denoise,counterfactual,pre_either_flip,184,255.0,single:bl_max,0.4787039224952741,,0.44133351547731564,0.5113192639413988
denoise,counterfactual,pre_either_flip,184,255.0,single:out_pref_slope,0.6001594990548205,,0.5665354737712666,0.6358717804820416
denoise,counterfactual,pre_either_flip,184,255.0,logreg:gwad_plus,,no GWAD window yet,,
denoise,counterfactual,pre_either_flip,184,255.0,logreg:blacklight,0.5171313799621928,,0.47376240548204157,0.559171934073724
denoise,counterfactual,pre_either_flip,184,255.0,logreg:query_only_all,0.5171313799621928,,0.47356450850661624,0.5638321124763704
denoise,counterfactual,pre_either_flip,184,255.0,logreg:output_trajectory,0.6974834593572778,,0.6594325968809073,0.7369151701323252
denoise,counterfactual,pre_either_flip,184,255.0,logreg:gwad,,no GWAD window yet,,
denoise,random_walk,128,200,128.0,single:gwad_plus_max,,no GWAD window yet,,
denoise,random_walk,128,200,128.0,single:bl_max,0.95105,,0.9318365625,0.9684753125
denoise,random_walk,128,200,128.0,single:out_pref_slope,0.8852500000000001,,0.8619431249999999,0.9088543749999999
denoise,random_walk,128,200,128.0,logreg:gwad_plus,,no GWAD window yet,,
denoise,random_walk,128,200,128.0,logreg:blacklight,1.0,,0.9999999999999999,1.0
denoise,random_walk,128,200,128.0,logreg:query_only_all,1.0,,0.9999999999999999,1.0
denoise,random_walk,128,200,128.0,logreg:output_trajectory,0.9803,,0.9681750000000001,0.9901268750000001
denoise,random_walk,128,200,128.0,logreg:gwad,,no GWAD window yet,,
denoise,random_walk,256,200,256.0,single:gwad_plus_max,,no GWAD window yet,,
denoise,random_walk,256,200,256.0,single:bl_max,0.9334750000000002,,0.9099609375,0.9537406250000001
denoise,random_walk,256,200,256.0,single:out_pref_slope,0.9434500000000001,,0.925988125,0.9607756249999999
denoise,random_walk,256,200,256.0,logreg:gwad_plus,,no GWAD window yet,,
denoise,random_walk,256,200,256.0,logreg:blacklight,1.0,,0.9999999999999999,1.0
denoise,random_walk,256,200,256.0,logreg:query_only_all,1.0,,0.9999999999999999,1.0
denoise,random_walk,256,200,256.0,logreg:output_trajectory,0.997975,,0.99549875,0.999575
denoise,random_walk,256,200,256.0,logreg:gwad,,no GWAD window yet,,
denoise,random_walk,512,200,512.0,single:gwad_plus_max,1.0,,0.9999999999999999,1.0
denoise,random_walk,512,200,512.0,single:bl_max,0.8995124999999999,,0.870984375,0.9291165625
denoise,random_walk,512,200,512.0,single:out_pref_slope,0.97605,,0.9650181250000001,0.986275
denoise,random_walk,512,200,512.0,logreg:gwad_plus,1.0,,0.9999999999999999,1.0
denoise,random_walk,512,200,512.0,logreg:blacklight,1.0,,0.9999999999999999,1.0
denoise,random_walk,512,200,512.0,logreg:query_only_all,1.0,,0.9999999999999999,1.0
denoise,random_walk,512,200,512.0,logreg:output_trajectory,0.9996499999999999,,0.9988493749999999,1.0
denoise,random_walk,512,200,512.0,logreg:gwad,1.0,,0.9999999999999999,1.0
denoise,random_walk,1024,200,1024.0,single:gwad_plus_max,1.0,,0.9999999999999999,1.0
denoise,random_walk,1024,200,1024.0,single:bl_max,0.8457875,,0.8087893749999999,0.8818646874999999
denoise,random_walk,1024,200,1024.0,single:out_pref_slope,0.988025,,0.9809224999999999,0.994525
denoise,random_walk,1024,200,1024.0,logreg:gwad_plus,1.0,,0.9999999999999999,1.0
denoise,random_walk,1024,200,1024.0,logreg:blacklight,1.0,,0.9999999999999999,1.0
denoise,random_walk,1024,200,1024.0,logreg:query_only_all,1.0,,0.9999999999999999,1.0
denoise,random_walk,1024,200,1024.0,logreg:output_trajectory,0.99995,,0.99974875,1.0
denoise,random_walk,1024,200,1024.0,logreg:gwad,1.0,,0.9999999999999999,1.0
denoise,random_walk,attack_truncated,189,255.0,single:gwad_plus_max,,no GWAD window yet,,
denoise,random_walk,attack_truncated,189,255.0,single:bl_max,0.8238571148624059,,0.7851529912376473,0.8603944458441812
denoise,random_walk,attack_truncated,189,255.0,single:out_pref_slope,0.9045659416029785,,0.8768399540886315,0.932350018196579
denoise,random_walk,attack_truncated,189,255.0,logreg:gwad_plus,,no GWAD window yet,,
denoise,random_walk,attack_truncated,189,255.0,logreg:blacklight,1.0,,0.9999999999999999,1.0
denoise,random_walk,attack_truncated,189,255.0,logreg:query_only_all,1.0,,0.9999999999999999,1.0
denoise,random_walk,attack_truncated,189,255.0,logreg:output_trajectory,0.982867220962459,,0.9693989529968366,0.9928060524621372
denoise,random_walk,attack_truncated,189,255.0,logreg:gwad,,no GWAD window yet,,
denoise,random_walk,pre_either_flip,189,255.0,single:gwad_plus_max,,no GWAD window yet,,
denoise,random_walk,pre_either_flip,189,255.0,single:bl_max,0.8238571148624059,,0.7851529912376473,0.8603944458441812
denoise,random_walk,pre_either_flip,189,255.0,single:out_pref_slope,0.9045659416029785,,0.8768399540886315,0.932350018196579
denoise,random_walk,pre_either_flip,189,255.0,logreg:gwad_plus,,no GWAD window yet,,
denoise,random_walk,pre_either_flip,189,255.0,logreg:blacklight,1.0,,0.9999999999999999,1.0
denoise,random_walk,pre_either_flip,189,255.0,logreg:query_only_all,1.0,,0.9999999999999999,1.0
denoise,random_walk,pre_either_flip,189,255.0,logreg:output_trajectory,0.9830351893843957,,0.9696796002351559,0.9928060524621372
denoise,random_walk,pre_either_flip,189,255.0,logreg:gwad,,no GWAD window yet,,
denoise,restore,128,200,128.0,single:gwad_plus_max,,no GWAD window yet,,
denoise,restore,128,200,128.0,single:bl_max,0.70575,,0.655525,0.7553634374999999
denoise,restore,128,200,128.0,single:out_pref_slope,0.96495,,0.9497237500000001,0.977579375
denoise,restore,128,200,128.0,logreg:gwad_plus,,no GWAD window yet,,
denoise,restore,128,200,128.0,logreg:blacklight,0.668375,,0.638925,0.70011125
denoise,restore,128,200,128.0,logreg:query_only_all,0.668375,,0.6393890624999999,0.6993499999999999
denoise,restore,128,200,128.0,logreg:output_trajectory,0.9994999999999999,,0.99857375,1.0
denoise,restore,128,200,128.0,logreg:gwad,,no GWAD window yet,,
denoise,restore,256,200,256.0,single:gwad_plus_max,,no GWAD window yet,,
denoise,restore,256,200,256.0,single:bl_max,0.7411875,,0.6928746875,0.7845428125
denoise,restore,256,200,256.0,single:out_pref_slope,0.9868,,0.977125,0.99422625
denoise,restore,256,200,256.0,logreg:gwad_plus,,no GWAD window yet,,
denoise,restore,256,200,256.0,logreg:blacklight,0.7810374999999999,,0.7436875000000001,0.8170428125000001
denoise,restore,256,200,256.0,logreg:query_only_all,0.7810374999999999,,0.7450584375,0.81984625
denoise,restore,256,200,256.0,logreg:output_trajectory,1.0,,0.9999999999999999,1.0
denoise,restore,256,200,256.0,logreg:gwad,,no GWAD window yet,,
denoise,restore,512,200,512.0,single:gwad_plus_max,0.8883000000000001,,0.8546731249999999,0.9205503124999999
denoise,restore,512,200,512.0,single:bl_max,0.7568,,0.7083778125000001,0.8063809375000001
denoise,restore,512,200,512.0,single:out_pref_slope,0.9949999999999999,,0.98944875,0.9992
denoise,restore,512,200,512.0,logreg:gwad_plus,0.995225,,0.9909475,0.9984999999999999
denoise,restore,512,200,512.0,logreg:blacklight,0.8083,,0.7689362500000001,0.8456806250000001
denoise,restore,512,200,512.0,logreg:query_only_all,0.995325,,0.990773125,0.998625
denoise,restore,512,200,512.0,logreg:output_trajectory,1.0,,0.9999999999999999,1.0
denoise,restore,512,200,512.0,logreg:gwad,0.9952,,0.9908243750000001,0.998625625
denoise,restore,1024,200,1024.0,single:gwad_plus_max,0.9168624999999999,,0.8905371875000001,0.9414025
denoise,restore,1024,200,1024.0,single:bl_max,0.7589125000000001,,0.710209375,0.8089784375000001
denoise,restore,1024,200,1024.0,single:out_pref_slope,0.997875,,0.9935993750000001,1.0
denoise,restore,1024,200,1024.0,logreg:gwad_plus,0.998575,,0.9968,0.9997
denoise,restore,1024,200,1024.0,logreg:blacklight,0.8095,,0.7701803125,0.8504596874999999
denoise,restore,1024,200,1024.0,logreg:query_only_all,0.9992,,0.997649375,0.9999756249999999
denoise,restore,1024,200,1024.0,logreg:output_trajectory,1.0,,0.9999999999999999,1.0
denoise,restore,1024,200,1024.0,logreg:gwad,0.998575,,0.9967250000000001,0.9996756250000001
denoise,restore,attack_truncated,189,255.0,single:gwad_plus_max,,no GWAD window yet,,
denoise,restore,attack_truncated,189,255.0,single:bl_max,0.6180118137790096,,0.5824721452366955,0.6563810503625319
denoise,restore,attack_truncated,189,255.0,single:out_pref_slope,0.9686738893088099,,0.9490488788107835,0.9834551104392374
denoise,restore,attack_truncated,189,255.0,logreg:gwad_plus,,no GWAD window yet,,
denoise,restore,attack_truncated,189,255.0,logreg:blacklight,0.6536351165980796,,0.6090891912320484,0.6962630525461212
denoise,restore,attack_truncated,189,255.0,logreg:query_only_all,0.6536351165980796,,0.609635438537555,0.6978335572912293
denoise,restore,attack_truncated,189,255.0,logreg:output_trajectory,0.9968645894571821,,0.9929173315416702,0.9995800789451583
denoise,restore,attack_truncated,189,255.0,logreg:gwad,,no GWAD window yet,,
denoise,restore,pre_either_flip,185,272.0,single:gwad_plus_max,,no GWAD window yet,,
denoise,restore,pre_either_flip,185,272.0,single:bl_max,0.6246749452154858,,0.5883754565376187,0.6622589481373264
denoise,restore,pre_either_flip,185,272.0,single:out_pref_slope,0.9782030679327977,,0.9623929875821768,0.9910299488677867
denoise,restore,pre_either_flip,185,272.0,logreg:gwad_plus,,no GWAD window yet,,
denoise,restore,pre_either_flip,185,272.0,logreg:blacklight,0.6551059167275384,,0.608790357925493,0.697444850255661
denoise,restore,pre_either_flip,185,272.0,logreg:query_only_all,0.6551059167275384,,0.6126216216216217,0.6966311176040906
denoise,restore,pre_either_flip,185,272.0,logreg:output_trajectory,0.9973411249086925,,0.99345434623813,0.9998539079620161
denoise,restore,pre_either_flip,185,272.0,logreg:gwad,,no GWAD window yet,,
deblur,boundary_probe,128,200,128.0,single:gwad_plus_max,,no GWAD window yet,,
deblur,boundary_probe,128,200,128.0,single:bl_max,0.49671250000000006,,0.4433368750000001,0.5467146875000001
deblur,boundary_probe,128,200,128.0,single:out_pref_slope,0.5659749999999999,,0.54554875,0.5880050000000001
deblur,boundary_probe,128,200,128.0,logreg:gwad_plus,,no GWAD window yet,,
deblur,boundary_probe,128,200,128.0,logreg:blacklight,0.5104,,0.4717950000000001,0.554064375
deblur,boundary_probe,128,200,128.0,logreg:query_only_all,0.5104,,0.4712871875000001,0.5499499999999999
deblur,boundary_probe,128,200,128.0,logreg:output_trajectory,0.5901000000000001,,0.5555231249999999,0.626055625
deblur,boundary_probe,128,200,128.0,logreg:gwad,,no GWAD window yet,,
deblur,boundary_probe,256,200,256.0,single:gwad_plus_max,,no GWAD window yet,,
deblur,boundary_probe,256,200,256.0,single:bl_max,0.4815750000000001,,0.4309215625,0.5334987500000001
deblur,boundary_probe,256,200,256.0,single:out_pref_slope,0.6207750000000001,,0.596291875,0.647079375
deblur,boundary_probe,256,200,256.0,logreg:gwad_plus,,no GWAD window yet,,
deblur,boundary_probe,256,200,256.0,logreg:blacklight,0.4881375,,0.44111718750000006,0.5369596875
deblur,boundary_probe,256,200,256.0,logreg:query_only_all,0.4881375,,0.4337609375,0.538063125
deblur,boundary_probe,256,200,256.0,logreg:output_trajectory,0.7303999999999999,,0.688371875,0.7719412499999999
deblur,boundary_probe,256,200,256.0,logreg:gwad,,no GWAD window yet,,
deblur,boundary_probe,512,200,512.0,single:gwad_plus_max,0.621675,,0.5681496875,0.677370625
deblur,boundary_probe,512,200,512.0,single:bl_max,0.526875,,0.4759940624999999,0.58003375
deblur,boundary_probe,512,200,512.0,single:out_pref_slope,0.7072999999999999,,0.677275,0.7406637499999998
deblur,boundary_probe,512,200,512.0,logreg:gwad_plus,0.749125,,0.7002731249999999,0.798534375
deblur,boundary_probe,512,200,512.0,logreg:blacklight,0.5285249999999999,,0.478565625,0.5792937499999999
deblur,boundary_probe,512,200,512.0,logreg:query_only_all,0.7498250000000001,,0.6961075,0.8004375
deblur,boundary_probe,512,200,512.0,logreg:output_trajectory,0.8864,,0.8545962500000001,0.913976875
deblur,boundary_probe,512,200,512.0,logreg:gwad,0.7491249999999999,,0.69787,0.801904375
deblur,boundary_probe,1024,200,1024.0,single:gwad_plus_max,0.7024125,,0.655731875,0.74708125
deblur,boundary_probe,1024,200,1024.0,single:bl_max,0.572575,,0.52013875,0.6275090624999999
deblur,boundary_probe,1024,200,1024.0,single:out_pref_slope,0.80635,,0.776668125,0.840313125
deblur,boundary_probe,1024,200,1024.0,logreg:gwad_plus,0.836925,,0.7993943750000001,0.872358125
deblur,boundary_probe,1024,200,1024.0,logreg:blacklight,0.5731,,0.5105859375,0.6323309375
deblur,boundary_probe,1024,200,1024.0,logreg:query_only_all,0.834425,,0.794086875,0.8702793749999999
deblur,boundary_probe,1024,200,1024.0,logreg:output_trajectory,0.9553499999999999,,0.9346987499999999,0.9710525
deblur,boundary_probe,1024,200,1024.0,logreg:gwad,0.836875,,0.7980449999999999,0.8748256249999999
deblur,boundary_probe,attack_truncated,188,340.0,single:gwad_plus_max,,no GWAD window yet,,
deblur,boundary_probe,attack_truncated,188,340.0,single:bl_max,0.4798692847442282,,0.4399629357175192,0.5184062358533273
deblur,boundary_probe,attack_truncated,188,340.0,single:out_pref_slope,0.5617077863286555,,0.5420092519239474,0.5849104515617927
deblur,boundary_probe,attack_truncated,188,340.0,logreg:gwad_plus,,no GWAD window yet,,
deblur,boundary_probe,attack_truncated,188,340.0,logreg:blacklight,0.5012024671797193,,0.4683362098234495,0.5313582220461746
deblur,boundary_probe,attack_truncated,188,340.0,logreg:query_only_all,0.5012024671797193,,0.46809819205522857,0.5330395540968764
deblur,boundary_probe,attack_truncated,188,340.0,logreg:output_trajectory,0.8571751923947488,,0.8205607741059302,0.8889606439565414
deblur,boundary_probe,attack_truncated,188,340.0,logreg:gwad,,no GWAD window yet,,
deblur,boundary_probe,pre_either_flip,186,323.0,single:gwad_plus_max,,no GWAD window yet,,
deblur,boundary_probe,pre_either_flip,186,323.0,single:bl_max,0.5219100474043242,,0.48254025031795583,0.5599082986472423
deblur,boundary_probe,pre_either_flip,186,323.0,single:out_pref_slope,0.5457856399583767,,0.5252615909353683,0.5686813504451382
deblur,boundary_probe,pre_either_flip,186,323.0,logreg:gwad_plus,,no GWAD window yet,,
deblur,boundary_probe,pre_either_flip,186,323.0,logreg:blacklight,0.5238466874783212,,0.4725177766215748,0.5746126719852006
deblur,boundary_probe,pre_either_flip,186,323.0,logreg:query_only_all,0.5238466874783212,,0.47225690831309985,0.5707090415076886
deblur,boundary_probe,pre_either_flip,186,323.0,logreg:output_trajectory,0.6210833622384091,,0.5864608625274599,0.6541832870852121
deblur,boundary_probe,pre_either_flip,186,323.0,logreg:gwad,,no GWAD window yet,,
deblur,confidence_boost,128,200,128.0,single:gwad_plus_max,,no GWAD window yet,,
deblur,confidence_boost,128,200,128.0,single:bl_max,0.5177625,,0.468971875,0.5715521875
deblur,confidence_boost,128,200,128.0,single:out_pref_slope,0.99645,,0.993146875,0.9990749999999999
deblur,confidence_boost,128,200,128.0,logreg:gwad_plus,,no GWAD window yet,,
deblur,confidence_boost,128,200,128.0,logreg:blacklight,0.49390000000000006,,0.4426334375,0.5474593749999999
deblur,confidence_boost,128,200,128.0,logreg:query_only_all,0.49390000000000006,,0.43811875,0.5435109375
deblur,confidence_boost,128,200,128.0,logreg:output_trajectory,1.0,,0.9999999999999999,1.0
deblur,confidence_boost,128,200,128.0,logreg:gwad,,no GWAD window yet,,
deblur,confidence_boost,256,200,256.0,single:gwad_plus_max,,no GWAD window yet,,
deblur,confidence_boost,256,200,256.0,single:bl_max,0.5272625,,0.47636,0.5767503124999999
deblur,confidence_boost,256,200,256.0,single:out_pref_slope,0.997875,,0.9953250000000001,0.999600625
deblur,confidence_boost,256,200,256.0,logreg:gwad_plus,,no GWAD window yet,,
deblur,confidence_boost,256,200,256.0,logreg:blacklight,0.5084500000000001,,0.46153218749999997,0.5580059375
deblur,confidence_boost,256,200,256.0,logreg:query_only_all,0.5084500000000001,,0.4605025,0.552843125
deblur,confidence_boost,256,200,256.0,logreg:output_trajectory,0.999575,,0.9985243749999999,1.0
deblur,confidence_boost,256,200,256.0,logreg:gwad,,no GWAD window yet,,
deblur,confidence_boost,512,200,512.0,single:gwad_plus_max,0.5611499999999999,,0.5037290624999999,0.6172046875
deblur,confidence_boost,512,200,512.0,single:bl_max,0.5023375,,0.4453603125,0.5560790624999999
deblur,confidence_boost,512,200,512.0,single:out_pref_slope,0.99915,,0.99742375,1.0
deblur,confidence_boost,512,200,512.0,logreg:gwad_plus,0.570675,,0.51809875,0.62356875
deblur,confidence_boost,512,200,512.0,logreg:blacklight,0.445475,,0.39294531250000003,0.5005684375
deblur,confidence_boost,512,200,512.0,logreg:query_only_all,0.5218499999999999,,0.46364750000000005,0.57877625
deblur,confidence_boost,512,200,512.0,logreg:output_trajectory,0.9991749999999999,,0.9974,1.0
deblur,confidence_boost,512,200,512.0,logreg:gwad,0.568675,,0.515149375,0.617941875
deblur,confidence_boost,1024,200,1024.0,single:gwad_plus_max,0.5431749999999999,,0.4896315625,0.5973384374999999
deblur,confidence_boost,1024,200,1024.0,single:bl_max,0.5327875,,0.47534843750000005,0.5916840624999999
deblur,confidence_boost,1024,200,1024.0,single:out_pref_slope,0.999925,,0.9996250000000001,1.0
deblur,confidence_boost,1024,200,1024.0,logreg:gwad_plus,0.6034,,0.555674375,0.6512968749999999
deblur,confidence_boost,1024,200,1024.0,logreg:blacklight,0.5061374999999999,,0.44868593749999997,0.5621771875
deblur,confidence_boost,1024,200,1024.0,logreg:query_only_all,0.5841500000000001,,0.53102125,0.638513125
deblur,confidence_boost,1024,200,1024.0,logreg:output_trajectory,0.999625,,0.9989993749999999,1.0
deblur,confidence_boost,1024,200,1024.0,logreg:gwad,0.6033999999999999,,0.55025,0.6531575
deblur,confidence_boost,attack_truncated,188,340.0,single:gwad_plus_max,,no GWAD window yet,,
deblur,confidence_boost,attack_truncated,188,340.0,single:bl_max,0.5015702806699864,,0.4640444629923042,0.5404177512449072
deblur,confidence_boost,attack_truncated,188,340.0,single:out_pref_slope,0.9810151652331374,,0.9632136996378451,0.9950210785423268
deblur,confidence_boost,attack_truncated,188,340.0,logreg:gwad_plus,,no GWAD window yet,,
deblur,confidence_boost,attack_truncated,188,340.0,logreg:blacklight,0.5115295382526029,,0.47614340482118606,0.5471699581258488
deblur,confidence_boost,attack_truncated,188,340.0,logreg:query_only_all,0.5115295382526029,,0.4749002659574468,0.5466097498868266
deblur,confidence_boost,attack_truncated,188,340.0,logreg:output_trajectory,0.9922193300135809,,0.9814954447713898,0.9991794929832504
deblur,confidence_boost,attack_truncated,188,340.0,logreg:gwad,,no GWAD window yet,,
deblur,confidence_boost,pre_either_flip,184,340.0,single:gwad_plus_max,,no GWAD window yet,,
deblur,confidence_boost,pre_either_flip,184,340.0,single:bl_max,0.5005464319470699,,0.4609323310491493,0.5430510840028355
deblur,confidence_boost,pre_either_flip,184,340.0,single:out_pref_slope,0.9848180529300568,,0.967507236531191,0.9979324196597353
deblur,confidence_boost,pre_either_flip,184,340.0,logreg:gwad_plus,,no GWAD window yet,,
deblur,confidence_boost,pre_either_flip,184,340.0,logreg:blacklight,0.509968690926276,,0.4731554229678639,0.5486505346172023
deblur,confidence_boost,pre_either_flip,184,340.0,logreg:query_only_all,0.509968690926276,,0.4682910710066163,0.5461099952741022
deblur,confidence_boost,pre_either_flip,184,340.0,logreg:output_trajectory,0.9935018903591682,,0.9827792710302459,0.9997939803875237
deblur,confidence_boost,pre_either_flip,184,340.0,logreg:gwad,,no GWAD window yet,,
deblur,counterfactual,128,200,128.0,single:gwad_plus_max,,no GWAD window yet,,
deblur,counterfactual,128,200,128.0,single:bl_max,0.52275,,0.47203468750000005,0.5710846875
deblur,counterfactual,128,200,128.0,single:out_pref_slope,0.5602,,0.5397931250000001,0.5838762499999999
deblur,counterfactual,128,200,128.0,logreg:gwad_plus,,no GWAD window yet,,
deblur,counterfactual,128,200,128.0,logreg:blacklight,0.5263,,0.47176093750000003,0.5779046874999999
deblur,counterfactual,128,200,128.0,logreg:query_only_all,0.5263,,0.47380906250000004,0.57775375
deblur,counterfactual,128,200,128.0,logreg:output_trajectory,0.6136,,0.5745950000000001,0.6528
deblur,counterfactual,128,200,128.0,logreg:gwad,,no GWAD window yet,,
deblur,counterfactual,256,200,256.0,single:gwad_plus_max,,no GWAD window yet,,
deblur,counterfactual,256,200,256.0,single:bl_max,0.49774999999999997,,0.447771875,0.5495434374999999
deblur,counterfactual,256,200,256.0,single:out_pref_slope,0.566525,,0.5436924999999999,0.5921593749999999
deblur,counterfactual,256,200,256.0,logreg:gwad_plus,,no GWAD window yet,,
deblur,counterfactual,256,200,256.0,logreg:blacklight,0.48253750000000006,,0.43281156249999997,0.535014375
deblur,counterfactual,256,200,256.0,logreg:query_only_all,0.48253750000000006,,0.42892187500000006,0.532919375
deblur,counterfactual,256,200,256.0,logreg:output_trajectory,0.675125,,0.6407493750000001,0.709530625
deblur,counterfactual,256,200,256.0,logreg:gwad,,no GWAD window yet,,
deblur,counterfactual,512,200,512.0,single:gwad_plus_max,0.48217499999999996,,0.4234553125,0.5400084375
deblur,counterfactual,512,200,512.0,single:bl_max,0.4918125,,0.4327271875,0.5482015625000001
deblur,counterfactual,512,200,512.0,single:out_pref_slope,0.567625,,0.545024375,0.5924537499999999
deblur,counterfactual,512,200,512.0,logreg:gwad_plus,0.52365,,0.4711962499999999,0.577743125
deblur,counterfactual,512,200,512.0,logreg:blacklight,0.47215000000000007,,0.42313499999999993,0.5215884375
deblur,counterfactual,512,200,512.0,logreg:query_only_all,0.508175,,0.45149624999999993,0.56175
deblur,counterfactual,512,200,512.0,logreg:output_trajectory,0.7253,,0.6870175,0.7615606250000001
deblur,counterfactual,512,200,512.0,logreg:gwad,0.5231250000000001,,0.47266375,0.5733268749999999
deblur,counterfactual,1024,200,1024.0,single:gwad_plus_max,0.4856375,,0.43378750000000005,0.5342475
deblur,counterfactual,1024,200,1024.0,single:bl_max,0.522325,,0.4708353125,0.57864375
deblur,counterfactual,1024,200,1024.0,single:out_pref_slope,0.579375,,0.552965,0.607755
deblur,counterfactual,1024,200,1024.0,logreg:gwad_plus,0.516375,,0.45954937500000004,0.567353125
deblur,counterfactual,1024,200,1024.0,logreg:blacklight,0.5113000000000001,,0.4523509375,0.56140375
deblur,counterfactual,1024,200,1024.0,logreg:query_only_all,0.521425,,0.4709487500000001,0.572383125
deblur,counterfactual,1024,200,1024.0,logreg:output_trajectory,0.8053999999999999,,0.770073125,0.839783125
deblur,counterfactual,1024,200,1024.0,logreg:gwad,0.516475,,0.46289937500000006,0.564476875
deblur,counterfactual,attack_truncated,188,340.0,single:gwad_plus_max,,no GWAD window yet,,
deblur,counterfactual,attack_truncated,188,340.0,single:bl_max,0.48987098234495247,,0.4494985004526935,0.527374519013128
deblur,counterfactual,attack_truncated,188,340.0,single:out_pref_slope,0.5909631054775917,,0.559210191263015,0.6233915233137166
deblur,counterfactual,attack_truncated,188,340.0,logreg:gwad_plus,,no GWAD window yet,,
deblur,counterfactual,attack_truncated,188,340.0,logreg:blacklight,0.48339180624717065,,0.44414257016749664,0.5212695224083296
deblur,counterfactual,attack_truncated,188,340.0,logreg:query_only_all,0.48339180624717065,,0.4492374943413309,0.5207772181982798
deblur,counterfactual,attack_truncated,188,340.0,logreg:output_trajectory,0.8041817564508829,,0.7684182605251245,0.8349146955636034
deblur,counterfactual,attack_truncated,188,340.0,logreg:gwad,,no GWAD window yet,,
deblur,counterfactual,pre_either_flip,187,308.0,single:gwad_plus_max,,no GWAD window yet,,
deblur,counterfactual,pre_either_flip,187,308.0,single:bl_max,0.4896622722983214,,0.4540271383225142,0.5247372672938888
deblur,counterfactual,pre_either_flip,187,308.0,single:out_pref_slope,0.5938402585146845,,0.5643777345649005,0.6255890931968315
deblur,counterfactual,pre_either_flip,187,308.0,logreg:gwad_plus,,no GWAD window yet,,
deblur,counterfactual,pre_either_flip,187,308.0,logreg:blacklight,0.47410563642082987,,0.44541736967027934,0.5009115216334467
deblur,counterfactual,pre_either_flip,187,308.0,logreg:query_only_all,0.47410563642082987,,0.44467385398495807,0.5022841659755783
deblur,counterfactual,pre_either_flip,187,308.0,logreg:output_trajectory,0.6688781492178787,,0.6323636649603935,0.7097178929909348
deblur,counterfactual,pre_either_flip,187,308.0,logreg:gwad,,no GWAD window yet,,
deblur,random_walk,128,200,128.0,single:gwad_plus_max,,no GWAD window yet,,
deblur,random_walk,128,200,128.0,single:bl_max,0.9455125,,0.9219615624999999,0.9651284375
deblur,random_walk,128,200,128.0,single:out_pref_slope,0.8713500000000001,,0.84389625,0.8999137500000001
deblur,random_walk,128,200,128.0,logreg:gwad_plus,,no GWAD window yet,,
deblur,random_walk,128,200,128.0,logreg:blacklight,1.0,,0.9999999999999999,1.0
deblur,random_walk,128,200,128.0,logreg:query_only_all,1.0,,0.9999999999999999,1.0
deblur,random_walk,128,200,128.0,logreg:output_trajectory,0.9496749999999999,,0.9311493750000001,0.9667262499999999
deblur,random_walk,128,200,128.0,logreg:gwad,,no GWAD window yet,,
deblur,random_walk,256,200,256.0,single:gwad_plus_max,,no GWAD window yet,,
deblur,random_walk,256,200,256.0,single:bl_max,0.9461625,,0.9238362500000001,0.965954375
deblur,random_walk,256,200,256.0,single:out_pref_slope,0.924475,,0.904575,0.9462031249999999
deblur,random_walk,256,200,256.0,logreg:gwad_plus,,no GWAD window yet,,
deblur,random_walk,256,200,256.0,logreg:blacklight,1.0,,0.9999999999999999,1.0
deblur,random_walk,256,200,256.0,logreg:query_only_all,1.0,,0.9999999999999999,1.0
deblur,random_walk,256,200,256.0,logreg:output_trajectory,0.987475,,0.979345625,0.9940762499999999
deblur,random_walk,256,200,256.0,logreg:gwad,,no GWAD window yet,,
deblur,random_walk,512,200,512.0,single:gwad_plus_max,1.0,,0.9999999999999999,1.0
deblur,random_walk,512,200,512.0,single:bl_max,0.9331125,,0.9083,0.9559774999999999
deblur,random_walk,512,200,512.0,single:out_pref_slope,0.9676250000000001,,0.9540962500000001,0.9799275000000001
deblur,random_walk,512,200,512.0,logreg:gwad_plus,1.0,,0.9999999999999999,1.0
deblur,random_walk,512,200,512.0,logreg:blacklight,1.0,,0.9999999999999999,1.0
deblur,random_walk,512,200,512.0,logreg:query_only_all,1.0,,0.9999999999999999,1.0
deblur,random_walk,512,200,512.0,logreg:output_trajectory,0.9970749999999999,,0.9921237500000001,0.99985
deblur,random_walk,512,200,512.0,logreg:gwad,1.0,,0.9999999999999999,1.0
deblur,random_walk,1024,200,1024.0,single:gwad_plus_max,1.0,,0.9999999999999999,1.0
deblur,random_walk,1024,200,1024.0,single:bl_max,0.8827,,0.8478062499999999,0.9133131250000001
deblur,random_walk,1024,200,1024.0,single:out_pref_slope,0.988925,,0.981374375,0.9953512500000001
deblur,random_walk,1024,200,1024.0,logreg:gwad_plus,1.0,,0.9999999999999999,1.0
deblur,random_walk,1024,200,1024.0,logreg:blacklight,1.0,,0.9999999999999999,1.0
deblur,random_walk,1024,200,1024.0,logreg:query_only_all,1.0,,0.9999999999999999,1.0
deblur,random_walk,1024,200,1024.0,logreg:output_trajectory,0.9982000000000001,,0.9946487500000001,1.0
deblur,random_walk,1024,200,1024.0,logreg:gwad,1.0,,0.9999999999999999,1.0
deblur,random_walk,attack_truncated,188,340.0,single:gwad_plus_max,,no GWAD window yet,,
deblur,random_walk,attack_truncated,188,340.0,single:bl_max,0.8289808736985061,,0.7940297504526935,0.8597219471480307
deblur,random_walk,attack_truncated,188,340.0,single:out_pref_slope,0.9278519692168402,,0.8991625169760074,0.9539759223630602
deblur,random_walk,attack_truncated,188,340.0,logreg:gwad_plus,,no GWAD window yet,,
deblur,random_walk,attack_truncated,188,340.0,logreg:blacklight,1.0,,0.9999999999999999,1.0
deblur,random_walk,attack_truncated,188,340.0,logreg:query_only_all,1.0,,0.9999999999999999,1.0
deblur,random_walk,attack_truncated,188,340.0,logreg:output_trajectory,0.9783555907650521,,0.9655104119511091,0.9889125452693527
deblur,random_walk,attack_truncated,188,340.0,logreg:gwad,,no GWAD window yet,,
deblur,random_walk,pre_either_flip,183,340.0,single:gwad_plus_max,,no GWAD window yet,,
deblur,random_walk,pre_either_flip,183,340.0,single:bl_max,0.8324076562453343,,0.7969236167099645,0.8659783809609125
deblur,random_walk,pre_either_flip,183,340.0,single:out_pref_slope,0.9457732389739915,,0.9214047896324166,0.9680544357848846
deblur,random_walk,pre_either_flip,183,340.0,logreg:gwad_plus,,no GWAD window yet,,
deblur,random_walk,pre_either_flip,183,340.0,logreg:blacklight,1.0,,0.9999999999999999,1.0
deblur,random_walk,pre_either_flip,183,340.0,logreg:query_only_all,1.0,,0.9999999999999999,1.0
deblur,random_walk,pre_either_flip,183,340.0,logreg:output_trajectory,0.9700797276717729,,0.9517431096778046,0.984058198214339
deblur,random_walk,pre_either_flip,183,340.0,logreg:gwad,,no GWAD window yet,,
deblur,restore,128,200,128.0,single:gwad_plus_max,,no GWAD window yet,,
deblur,restore,128,200,128.0,single:bl_max,0.6134375000000001,,0.565805625,0.6606471875
deblur,restore,128,200,128.0,single:out_pref_slope,0.949675,,0.9340487500000001,0.9650287499999999
deblur,restore,128,200,128.0,logreg:gwad_plus,,no GWAD window yet,,
deblur,restore,128,200,128.0,logreg:blacklight,0.624375,,0.581216875,0.6686656249999999
deblur,restore,128,200,128.0,logreg:query_only_all,0.624375,,0.581655625,0.664778125
deblur,restore,128,200,128.0,logreg:output_trajectory,0.999725,,0.9992000000000001,1.0
deblur,restore,128,200,128.0,logreg:gwad,,no GWAD window yet,,
deblur,restore,256,200,256.0,single:gwad_plus_max,,no GWAD window yet,,
deblur,restore,256,200,256.0,single:bl_max,0.6911249999999999,,0.6435425,0.7409328125000001
deblur,restore,256,200,256.0,single:out_pref_slope,0.9775,,0.96463375,0.9886024999999999
deblur,restore,256,200,256.0,logreg:gwad_plus,,no GWAD window yet,,
deblur,restore,256,200,256.0,logreg:blacklight,0.7201000000000001,,0.6762496874999999,0.7650040625000001
deblur,restore,256,200,256.0,logreg:query_only_all,0.7201000000000001,,0.6751296874999999,0.759941875
deblur,restore,256,200,256.0,logreg:output_trajectory,0.995525,,0.985975,1.0
deblur,restore,256,200,256.0,logreg:gwad,,no GWAD window yet,,
deblur,restore,512,200,512.0,single:gwad_plus_max,0.843625,,0.8054325,0.8764778125
deblur,restore,512,200,512.0,single:bl_max,0.713,,0.6652740625,0.7626334374999999
deblur,restore,512,200,512.0,single:out_pref_slope,0.98965,,0.97994875,0.9969506250000001
deblur,restore,512,200,512.0,logreg:gwad_plus,0.9792,,0.967548125,0.9889025
deblur,restore,512,200,512.0,logreg:blacklight,0.7469,,0.701721875,0.7852315625
deblur,restore,512,200,512.0,logreg:query_only_all,0.984575,,0.9749737500000001,0.9930262499999999
deblur,restore,512,200,512.0,logreg:output_trajectory,0.995,,0.9849999999999999,1.0
deblur,restore,512,200,512.0,logreg:gwad,0.979375,,0.967444375,0.9886275
deblur,restore,1024,200,1024.0,single:gwad_plus_max,0.845675,,0.8097003125000001,0.883000625
deblur,restore,1024,200,1024.0,single:bl_max,0.70305,,0.6532809375,0.750995
deblur,restore,1024,200,1024.0,single:out_pref_slope,0.9969,,0.99319875,0.9997750000000001
deblur,restore,1024,200,1024.0,logreg:gwad_plus,0.985825,,0.9775493749999999,0.99255
deblur,restore,1024,200,1024.0,logreg:blacklight,0.7229875,,0.67693,0.7691118750000001
deblur,restore,1024,200,1024.0,logreg:query_only_all,0.9896749999999999,,0.9828731249999999,0.99510125
deblur,restore,1024,200,1024.0,logreg:output_trajectory,0.99605,,0.9877712499999999,1.0
deblur,restore,1024,200,1024.0,logreg:gwad,0.9859249999999999,,0.97784625,0.99275
deblur,restore,attack_truncated,188,340.0,single:gwad_plus_max,,no GWAD window yet,,
deblur,restore,attack_truncated,188,340.0,single:bl_max,0.6000735626980536,,0.5609307803304663,0.638615818809416
deblur,restore,attack_truncated,188,340.0,single:out_pref_slope,0.9577297419646899,,0.92785055454957,0.9822324864191941
deblur,restore,attack_truncated,188,340.0,logreg:gwad_plus,,no GWAD window yet,,
deblur,restore,attack_truncated,188,340.0,logreg:blacklight,0.6277444545043007,,0.5982054945676777,0.6603412177455863
deblur,restore,attack_truncated,188,340.0,logreg:query_only_all,0.6277444545043007,,0.5959964916251698,0.6615620755998189
deblur,restore,attack_truncated,188,340.0,logreg:output_trajectory,0.9837596197374378,,0.9668897125396108,0.9965765052059755
deblur,restore,attack_truncated,188,340.0,logreg:gwad,,no GWAD window yet,,
deblur,restore,pre_either_flip,187,340.0,single:gwad_plus_max,,no GWAD window yet,,
deblur,restore,pre_either_flip,187,340.0,single:bl_max,0.601089536446567,,0.5620960708055706,0.6399407332208527
deblur,restore,pre_either_flip,187,340.0,single:out_pref_slope,0.9691440990591668,,0.9460943978952787,0.9860769538734308
deblur,restore,pre_either_flip,187,340.0,logreg:gwad_plus,,no GWAD window yet,,
deblur,restore,pre_either_flip,187,340.0,logreg:blacklight,0.6293288341102119,,0.5989297663644942,0.6606136864079614
deblur,restore,pre_either_flip,187,340.0,logreg:query_only_all,0.6293288341102119,,0.6003302925448254,0.6587706254110784
deblur,restore,pre_either_flip,187,340.0,logreg:output_trajectory,0.9829277359947381,,0.9641353770482428,0.9976264691583975
deblur,restore,pre_either_flip,187,340.0,logreg:gwad,,no GWAD window yet,,
