corpus,optimizer,start,objective,accept_attack_median,accept_benign_median,acceptance_only_auroc,attack_accepts_more,gwad_plus_auroc,blacklight_auroc,gwad_auroc
CIFAR-10 NES (seed 0),nes,denoise,restore,1.0,0.9833333333333333,0.8091125,True,0.487425,0.5122,0.485975
CIFAR-10 NES (seed 0),nes,denoise,confidence_boost,1.0,1.0,0.566025,True,0.45305,0.4967,0.4530499999999999
CIFAR-10 NES (seed 0),nes,denoise,boundary_probe,1.0,0.6083333333333334,0.881875,True,0.557,0.606025,0.5574
CIFAR-10 NES (seed 0),nes,denoise,counterfactual,1.0,1.0,0.5393875,True,0.481875,0.507425,0.481425
CIFAR-10 NES (seed 0),nes,deblur,restore,1.0,0.95,0.8289624999999999,True,0.480475,0.5088,0.4802
CIFAR-10 NES (seed 0),nes,deblur,confidence_boost,1.0,0.95,0.775625,True,0.524775,0.456375,0.5251
CIFAR-10 NES (seed 0),nes,deblur,boundary_probe,1.0,0.8416666666666667,0.8101375,True,0.503975,0.5659750000000001,0.5041000000000001
CIFAR-10 NES (seed 0),nes,deblur,counterfactual,1.0,0.9833333333333333,0.43143750000000003,False,0.4861499999999999,0.52325,0.48605
CIFAR-10 NES (seed 1),nes,denoise,restore,1.0,0.9833333333333333,0.7774374999999999,True,0.4793249999999999,0.5211250000000001,0.47995
CIFAR-10 NES (seed 1),nes,denoise,confidence_boost,1.0,1.0,0.5858375,True,0.5342250000000002,0.5218,0.533925
CIFAR-10 NES (seed 1),nes,denoise,boundary_probe,1.0,0.5666666666666667,0.8685125,True,0.5575749999999999,0.578975,0.5580499999999999
CIFAR-10 NES (seed 1),nes,denoise,counterfactual,1.0,1.0,0.5385,True,0.5451,0.4881625,0.5448000000000001
CIFAR-10 NES (seed 1),nes,deblur,restore,0.9833333333333333,0.95,0.7601,True,0.5057,0.5115000000000001,0.505375
CIFAR-10 NES (seed 1),nes,deblur,confidence_boost,0.9833333333333333,0.95,0.7314875,True,0.489475,0.50015,0.4891
CIFAR-10 NES (seed 1),nes,deblur,boundary_probe,0.9833333333333333,0.85,0.8157874999999999,True,0.5365,0.48345,0.5367
CIFAR-10 NES (seed 1),nes,deblur,counterfactual,0.9833333333333333,0.9833333333333333,0.570525,True,0.478375,0.489575,0.478325
CIFAR-10 NES (seed 2),nes,denoise,restore,1.0,0.9833333333333333,0.776275,True,0.51005,0.4760999999999999,0.5084500000000001
CIFAR-10 NES (seed 2),nes,denoise,confidence_boost,1.0,1.0,0.575525,True,0.45275,0.4651499999999999,0.451575
CIFAR-10 NES (seed 2),nes,denoise,boundary_probe,1.0,0.65,0.8338875,True,0.61,0.558,0.609675
CIFAR-10 NES (seed 2),nes,denoise,counterfactual,1.0,1.0,0.526125,True,0.48935,0.4380249999999999,0.48865
CIFAR-10 NES (seed 2),nes,deblur,restore,1.0,0.95,0.8461624999999998,True,0.524525,0.5384,0.525125
CIFAR-10 NES (seed 2),nes,deblur,confidence_boost,1.0,0.9833333333333333,0.6700125,True,0.493325,0.4803250000000001,0.493175
CIFAR-10 NES (seed 2),nes,deblur,boundary_probe,1.0,0.9666666666666667,0.7228749999999999,True,0.4875,0.50995,0.487625
CIFAR-10 NES (seed 2),nes,deblur,counterfactual,1.0,1.0,0.523575,True,0.4745,0.4939249999999999,0.473025
CIFAR-10 NES (VGG19-BN),nes,denoise,restore,1.0,0.9833333333333333,0.7608125,True,0.432575,0.471775,0.432475
CIFAR-10 NES (VGG19-BN),nes,denoise,confidence_boost,1.0,1.0,0.57495,True,0.4824000000000001,0.5054000000000001,0.4821
CIFAR-10 NES (VGG19-BN),nes,denoise,boundary_probe,1.0,0.5666666666666667,0.8747375000000001,True,0.5953999999999999,0.6092000000000001,0.595125
CIFAR-10 NES (VGG19-BN),nes,denoise,counterfactual,1.0,0.9833333333333333,0.672875,True,0.454825,0.5724,0.455525
CIFAR-10 NES (VGG19-BN),nes,deblur,restore,0.9833333333333333,0.95,0.8316625,True,0.4887250000000001,0.49365,0.488375
CIFAR-10 NES (VGG19-BN),nes,deblur,confidence_boost,0.9833333333333333,0.9833333333333333,0.6328,True,0.5268,0.4581,0.5280500000000001
CIFAR-10 NES (VGG19-BN),nes,deblur,boundary_probe,0.9833333333333333,0.9833333333333333,0.67645,True,0.543525,0.505375,0.543525
CIFAR-10 NES (VGG19-BN),nes,deblur,counterfactual,0.9833333333333333,0.9833333333333333,0.5541625,True,0.51135,0.49605,0.512375
CIFAR-10 NES (robust),nes,denoise,restore,1.0,0.9833333333333333,0.8474625,True,0.51225,0.500575,0.5122749999999999
CIFAR-10 NES (robust),nes,denoise,confidence_boost,1.0,1.0,0.5159125,True,0.49,0.4686,0.4905
CIFAR-10 NES (robust),nes,denoise,boundary_probe,1.0,1.0,0.5352875,True,0.4941,0.460125,0.493775
CIFAR-10 NES (robust),nes,denoise,counterfactual,1.0,1.0,0.4846375,False,0.474825,0.505,0.4743499999999999
CIFAR-10 NES (robust),nes,deblur,restore,1.0,0.95,0.9145625,True,0.498575,0.4974749999999999,0.4969
CIFAR-10 NES (robust),nes,deblur,confidence_boost,1.0,1.0,0.479525,False,0.5103500000000001,0.49575,0.510025
CIFAR-10 NES (robust),nes,deblur,boundary_probe,1.0,1.0,0.4713124999999999,False,0.470925,0.525,0.470975
CIFAR-10 NES (robust),nes,deblur,counterfactual,1.0,1.0,0.4606,False,0.511225,0.462225,0.5126
GTSRB NES,nes,denoise,restore,1.0,0.9833333333333333,0.7330045351473924,True,0.4851927437641724,0.4593083900226757,0.485328798185941
GTSRB NES,nes,denoise,confidence_boost,1.0,1.0,0.5705215419501133,True,0.4938095238095237,0.4886394557823129,0.4941269841269841
GTSRB NES,nes,denoise,boundary_probe,1.0,0.9833333333333333,0.6849659863945579,True,0.4784580498866212,0.5171995464852608,0.4792743764172336
GTSRB NES,nes,denoise,counterfactual,1.0,1.0,0.49354875283446703,True,0.4801814058956916,0.484172335600907,0.4801133786848072
GTSRB NES,nes,deblur,restore,0.9833333333333333,0.9166666666666666,0.8635827664399093,True,0.4846938775510204,0.4508163265306122,0.484875283446712
GTSRB NES,nes,deblur,confidence_boost,0.9833333333333333,0.9833333333333333,0.5429591836734694,True,0.4846712018140589,0.4946145124716553,0.4823582766439909
GTSRB NES,nes,deblur,boundary_probe,0.9833333333333333,0.9833333333333333,0.5870634920634921,True,0.5075056689342403,0.4666666666666666,0.5089795918367346
GTSRB NES,nes,deblur,counterfactual,0.9833333333333333,0.9833333333333333,0.5022562358276644,True,0.4913605442176871,0.5008616780045352,0.4913378684807256
ImageNet tiled NES,nes_tiled,denoise,confidence_boost,0.75,0.7,0.6933375,True,0.62075,0.4559125,0.620725
ImageNet tiled NES,nes_tiled,denoise,boundary_probe,0.75,0.2583333333333333,0.9136124999999999,True,0.8675249999999999,0.6025,0.8674249999999999
ImageNet tiled NES,nes_tiled,denoise,counterfactual,0.75,0.7,0.65805,True,0.5873,0.5154375,0.587475
ImageNet tiled NES,nes_tiled,deblur,confidence_boost,0.65,0.5833333333333334,0.6976875,True,0.6034,0.5061374999999999,0.6033999999999999
ImageNet tiled NES,nes_tiled,deblur,boundary_probe,0.65,0.29166666666666663,0.890025,True,0.836925,0.5731,0.836875
ImageNet tiled NES,nes_tiled,deblur,counterfactual,0.65,0.6166666666666667,0.626175,True,0.516375,0.5113000000000001,0.516475
CIFAR-10 SimBA,simba,denoise,restore,0.923679060665362,0.6761252446183953,0.99925,True,0.9733,0.5046625,0.9733
CIFAR-10 SimBA,simba,denoise,confidence_boost,0.923679060665362,0.8767123287671232,0.8450375,True,0.738625,0.4936375,0.738375
CIFAR-10 SimBA,simba,denoise,boundary_probe,0.923679060665362,0.37084148727984345,0.94485,True,0.905025,0.6307875,0.904925
CIFAR-10 SimBA,simba,denoise,counterfactual,0.923679060665362,0.8835616438356164,0.7717375,True,0.6636,0.5093375,0.6635249999999999
CIFAR-10 SimBA,simba,deblur,restore,0.7935420743639922,0.5088062622309197,0.963475,True,0.9203,0.47665,0.9203
CIFAR-10 SimBA,simba,deblur,confidence_boost,0.7935420743639922,0.44031311154598823,0.9086749999999999,True,0.8708,0.5349999999999999,0.870725
CIFAR-10 SimBA,simba,deblur,boundary_probe,0.7935420743639922,0.5107632093933464,0.8837125,True,0.829425,0.5618625,0.8291999999999999
CIFAR-10 SimBA,simba,deblur,counterfactual,0.7935420743639922,0.7534246575342466,0.624425,True,0.5939249999999999,0.5063624999999999,0.59375
