start,positive,negative,n_eval_pairs,accept_pos_median,accept_neg_median,acceptance_only_auroc,gwad_plus_auroc,gwad_plus_lo,gwad_plus_hi,blacklight_auroc,blacklight_lo,blacklight_hi,query_only_all_auroc,query_only_all_lo,query_only_all_hi,output_trajectory_auroc,output_trajectory_lo,output_trajectory_hi,gwad_auroc,gwad_lo,gwad_hi,success_rate,median_first_success,blacklight_native,gwad_plus_native
denoise,throttled attack,restore,200,0.6810176125244618,0.6761252446183953,0.49765000000000004,0.544125,0.5011674999999999,0.58390875,0.4794124999999999,0.43101875,0.5276315625,0.48925,0.44163437499999997,0.5334125,1.0,0.9999999999999999,1.0,0.5439999999999999,0.502493125,0.586198125,,,,
denoise,throttled attack,confidence_boost,200,0.6810176125244618,0.8767123287671232,0.835425,0.82625,0.779479375,0.869045625,0.4908,0.4488503125,0.5368425,0.81525,0.770914375,0.8575374999999998,1.0,0.9999999999999999,1.0,0.8263250000000001,0.7805725,0.8692199999999999,,,,
denoise,throttled attack,boundary_probe,200,0.6810176125244618,0.37084148727984345,0.7777499999999999,0.708725,0.6516956249999999,0.7658762499999999,0.6183624999999999,0.5635831250000001,0.6661943749999999,0.7212249999999999,0.6661212500000001,0.768060625,0.98895,0.980325,0.9951999999999999,0.708375,0.650030625,0.762591875,,,,
denoise,throttled attack,counterfactual,200,0.6810176125244618,0.8835616438356164,0.9418375,0.9243,0.8965243749999999,0.951954375,0.494275,0.4443603125,0.5416484375,0.92495,0.89651875,0.9486800000000001,0.8040499999999999,0.7776225,0.83322875,0.9244249999999999,0.8973168749999999,0.950735625,,,,
denoise,unthrottled attack,restore,200,0.923679060665362,0.6761252446183953,0.99925,0.9733,0.953518125,0.991604375,0.5046625,0.459556875,0.5516528125000001,0.973525,0.954823125,0.98960625,1.0,0.9999999999999999,1.0,0.9733,0.952923125,0.9905324999999999,,,,
denoise,unthrottled attack,confidence_boost,200,0.923679060665362,0.8767123287671232,0.8450375,0.738625,0.69799875,0.7820518750000001,0.4936375,0.448731875,0.539414375,0.7396499999999999,0.6989893749999999,0.7795543749999999,1.0,0.9999999999999999,1.0,0.738375,0.696288125,0.7775749999999999,,,,
denoise,unthrottled attack,boundary_probe,200,0.923679060665362,0.37084148727984345,0.94485,0.905025,0.872095625,0.9366506250000001,0.6307875,0.5827074999999999,0.674371875,0.907975,0.874021875,0.940754375,0.9936,0.9875,0.9975012499999999,0.904925,0.8728856250000001,0.9359074999999999,,,,
denoise,unthrottled attack,counterfactual,200,0.923679060665362,0.8835616438356164,0.7717375,0.6636,0.62021625,0.70357625,0.5093375,0.46499781250000005,0.5551953125,0.659475,0.616973125,0.70350625,0.758375,0.7154324999999999,0.79715625,0.6635249999999999,0.620739375,0.705708125,,,,
denoise,throttled attack,(attack outcome),200,,,,,,,,,,,,,,,,,,,0.78,429.0,1.0,1.0
denoise,unthrottled attack,(attack outcome),200,,,,,,,,,,,,,,,,,,,0.895,360.0,1.0,1.0
deblur,throttled attack,restore,200,0.5225048923679061,0.5088062622309197,0.49488750000000004,0.490675,0.43931875,0.53526375,0.471025,0.4265440625,0.5212271875,0.4869,0.43804375000000007,0.53923,0.998575,0.9963993750000001,0.99985,0.4907,0.441746875,0.5360018750000001,,,,
deblur,throttled attack,confidence_boost,200,0.5225048923679061,0.44031311154598823,0.5809500000000001,0.5191,0.46751437500000004,0.5744962499999999,0.5240125,0.4785884375,0.5703225,0.538975,0.49208,0.5843756250000001,0.999975,0.9998500000000001,1.0,0.518925,0.46746624999999997,0.5710799999999999,,,,
deblur,throttled attack,boundary_probe,200,0.5225048923679061,0.5107632093933464,0.4971,0.609975,0.55327375,0.6653975,0.5575,0.5145328125,0.5997059375,0.606975,0.559721875,0.658841875,0.9670000000000001,0.9497731249999999,0.9811262499999999,0.61025,0.556840625,0.6639975,,,,
deblur,throttled attack,counterfactual,200,0.5225048923679061,0.7534246575342466,0.9253625,0.923075,0.8932187500000001,0.94893125,0.49587499999999995,0.44695437499999996,0.5419275,0.923425,0.8962875000000001,0.95075875,0.8072250000000001,0.774746875,0.837453125,0.9232,0.8969993749999999,0.949601875,,,,
deblur,unthrottled attack,restore,200,0.7935420743639922,0.5088062622309197,0.963475,0.9203,0.8896725,0.947901875,0.47665,0.4321571875,0.5198509374999999,0.91525,0.8822762500000001,0.9434781250000001,0.997575,0.9927987500000001,0.9999,0.9203,0.8899,0.9482337500000001,,,,
deblur,unthrottled attack,confidence_boost,200,0.7935420743639922,0.44031311154598823,0.9086749999999999,0.8708,0.8381850000000001,0.9033756249999999,0.5349999999999999,0.4880759375,0.580125,0.8687,0.8360306249999999,0.9020006249999999,0.99985,0.9994,1.0,0.870725,0.836273125,0.9025037499999999,,,,
deblur,unthrottled attack,boundary_probe,200,0.7935420743639922,0.5107632093933464,0.8837125,0.829425,0.788495,0.8651331250000001,0.5618625,0.5128371875000001,0.60288875,0.829175,0.790366875,0.8640106250000001,0.9832750000000001,0.9704468749999999,0.991650625,0.8291999999999999,0.792693125,0.8633575,,,,
deblur,unthrottled attack,counterfactual,200,0.7935420743639922,0.7534246575342466,0.624425,0.5939249999999999,0.5593968750000001,0.6318137500000001,0.5063624999999999,0.4602181249999999,0.5488203125000001,0.5907,0.55471,0.6277012499999999,0.6638249999999999,0.622675,0.7027262499999999,0.59375,0.5607137499999999,0.628788125,,,,
deblur,throttled attack,(attack outcome),200,,,,,,,,,,,,,,,,,,,0.555,681.0,1.0,1.0
deblur,unthrottled attack,(attack outcome),200,,,,,,,,,,,,,,,,,,,0.85,544.0,1.0,1.0
