dataset_index,workload,attack_first_flip,first_divergence,calls,identical_before_flip
539,denoise,412,413,4097,True
539,deblur,913,915,4097,True
791,denoise,350,351,4097,True
791,deblur,1206,1207,4097,True
1109,denoise,224,225,4097,True
1109,deblur,658,659,4097,True
3499,denoise,826,827,4097,True
3499,deblur,648,649,4097,True
3568,denoise,447,449,4097,True
3568,deblur,613,615,4097,True
3782,denoise,729,731,4097,True
3782,deblur,702,703,4097,True
4126,denoise,484,485,4097,True
4126,deblur,516,517,4097,True
5857,denoise,195,197,4097,True
5857,deblur,553,555,4097,True
6003,denoise,771,773,4097,True
6003,deblur,2141,2143,4097,True
6241,denoise,444,445,4097,True
6241,deblur,484,485,4097,True
6494,denoise,115,117,4097,True
6494,deblur,434,435,4097,True
7115,denoise,395,397,4097,True
7115,deblur,513,515,4097,True
7748,denoise,797,799,4097,True
7748,deblur,1813,1815,4097,True
8031,denoise,175,177,4097,True
8031,deblur,458,459,4097,True
8884,denoise,460,461,4097,True
8884,deblur,469,471,4097,True
8894,denoise,196,197,4097,True
8894,deblur,620,621,4097,True
9045,denoise,1243,1245,4097,True
9045,deblur,2904,2905,4097,True
9046,denoise,233,235,4097,True
9046,deblur,1246,1247,4097,True
9973,denoise,269,271,4097,True
9973,deblur,460,461,4097,True
9991,denoise,625,627,4097,True
9991,deblur,748,749,4097,True
6,denoise,102,103,4097,True
6,deblur,17,19,4097,True
81,denoise,360,361,4097,True
81,deblur,158,159,4097,True
122,denoise,456,457,4097,True
122,deblur,476,477,4097,True
604,denoise,769,771,4097,True
604,deblur,1184,1185,4097,True
1751,denoise,1096,1097,4097,True
1751,deblur,1026,1027,4097,True
1882,denoise,99,101,4097,True
1882,deblur,907,909,4097,True
1991,denoise,1668,1669,4097,True
1991,deblur,1444,1445,4097,True
2601,denoise,1434,1435,4097,True
2601,deblur,1182,1183,4097,True
3020,denoise,382,383,4097,True
3020,deblur,556,557,4097,True
5051,denoise,269,271,4097,True
5051,deblur,577,579,4097,True
5245,denoise,1614,1615,4097,True
5245,deblur,1265,1267,4097,True
6789,denoise,199,201,4097,True
6789,deblur,857,859,4097,True
6984,denoise,925,927,4097,True
6984,deblur,1592,1593,4097,True
7215,denoise,1400,1401,4097,True
7215,deblur,1410,1411,4097,True
7450,denoise,269,271,4097,True
7450,deblur,1132,1133,4097,True
7535,denoise,272,273,4097,True
7535,deblur,849,851,4097,True
8123,denoise,618,619,4097,True
8123,deblur,133,135,4097,True
8366,denoise,88,89,4097,True
8366,deblur,741,743,4097,True
8503,denoise,214,215,4097,True
8503,deblur,589,591,4097,True
9455,denoise,123,125,4097,True
9455,deblur,586,587,4097,True
