corpus,objective,start,n,update50,single50,online,online_cap50,update50_lag5,single50_lag5,grouped50_median,tested50,update50_among_tested,single50_among_tested,online_first_median,online_cap50_first_median,update50_first_median
cifar_controls,noise,clean,200,0.0,0.0,0.0,0.0,0.0,0.0,1.0,0.0,,,,,
cifar_controls,shuffled,clean,2000,0.0,0.0,0.0,0.0,0.0,0.0,1.0,0.0,,,,,
cifar_controls,sweep,clean,200,0.02,0.02,0.555,0.555,0.02,0.02,2.0,0.02,1.0,1.0,189.0,189.0,40.5
cifar_explain,kernelshap,clean,200,0.075,0.02,0.665,0.895,0.075,0.035,20.0,0.87,0.08620689655172414,0.022988505747126436,126.0,143.0,43.0
cifar_explain,lime,clean,200,0.005,0.0,0.405,0.72,0.005,0.005,3.0,0.165,0.030303030303030304,0.0,409.0,428.0,41.0
cifar_explain,occlusion,clean,200,0.975,0.915,1.0,1.0,0.98,0.96,50.0,1.0,0.975,0.915,17.0,17.0,17.0
cifar_explain,rise,clean,200,0.0,0.0,0.0,0.0,0.0,0.0,1.0,0.0,,,,,
cifar_libraries,captum_kernelshap,clean,200,0.02,0.015,0.86,0.995,0.02,0.015,15.0,0.65,0.03076923076923077,0.023076923076923078,220.0,230.0,48.0
cifar_libraries,captum_occlusion,clean,200,0.95,0.71,0.995,1.0,0.935,0.74,50.0,1.0,0.95,0.71,19.0,19.0,18.0
cifar_libraries,lime_package,clean,200,0.77,0.55,0.97,1.0,0.775,0.555,26.0,0.9,0.8555555555555555,0.6111111111111112,31.0,31.0,28.0
cifar_nes_robust,attack,deblur,200,0.31,0.26,1.0,1.0,0.155,0.055,40.0,0.665,0.46616541353383456,0.39097744360902253,78.5,68.0,41.0
cifar_nes_robust,attack,denoise,200,0.24,0.18,1.0,1.0,0.165,0.075,34.0,0.71,0.3380281690140845,0.2535211267605634,79.0,79.5,36.0
cifar_nes_robust,boundary_probe,deblur,200,0.255,0.195,1.0,1.0,0.125,0.06,40.0,0.685,0.3722627737226277,0.2846715328467153,81.0,76.0,40.0
cifar_nes_robust,boundary_probe,denoise,200,0.25,0.185,1.0,1.0,0.145,0.035,36.0,0.695,0.3597122302158273,0.26618705035971224,78.0,76.0,41.0
cifar_nes_robust,confidence_boost,deblur,200,0.31,0.23,1.0,1.0,0.135,0.06,41.0,0.67,0.4626865671641791,0.34328358208955223,81.5,81.0,40.0
cifar_nes_robust,confidence_boost,denoise,200,0.25,0.185,1.0,1.0,0.115,0.05,35.5,0.68,0.36764705882352944,0.27205882352941174,77.5,78.5,40.0
cifar_nes_robust,counterfactual,deblur,200,0.275,0.205,1.0,1.0,0.16,0.05,41.5,0.69,0.39855072463768115,0.2971014492753623,79.0,72.5,40.0
cifar_nes_robust,counterfactual,denoise,200,0.27,0.2,1.0,1.0,0.155,0.06,36.0,0.675,0.4,0.2962962962962963,73.5,71.0,39.5
cifar_nes_robust,random_walk,deblur,200,1.0,1.0,1.0,1.0,1.0,1.0,50.0,1.0,1.0,1.0,15.0,15.0,15.0
cifar_nes_robust,random_walk,denoise,200,1.0,1.0,1.0,1.0,1.0,1.0,50.0,1.0,1.0,1.0,15.0,15.0,15.0
cifar_nes_robust,restore,deblur,200,0.29,0.25,1.0,1.0,0.14,0.06,41.0,0.665,0.43609022556390975,0.37593984962406013,81.5,70.0,40.0
cifar_nes_robust,restore,denoise,200,0.28,0.245,1.0,1.0,0.15,0.095,35.5,0.69,0.4057971014492754,0.35507246376811596,72.5,68.0,40.0
cifar_nes_seed0,attack,deblur,200,0.09,0.025,1.0,0.975,0.08,0.025,42.5,0.685,0.13138686131386862,0.0364963503649635,124.0,157.0,32.0
cifar_nes_seed0,attack,denoise,200,0.235,0.12,1.0,1.0,0.14,0.03,33.5,0.69,0.34057971014492755,0.17391304347826086,91.0,85.0,35.0
cifar_nes_seed0,boundary_probe,deblur,200,0.09,0.03,0.995,0.97,0.06,0.015,42.5,0.695,0.12949640287769784,0.04316546762589928,121.0,152.5,32.5
cifar_nes_seed0,boundary_probe,denoise,200,0.18,0.125,1.0,1.0,0.13,0.03,34.0,0.675,0.26666666666666666,0.18518518518518517,88.5,88.5,40.0
cifar_nes_seed0,confidence_boost,deblur,200,0.105,0.075,1.0,1.0,0.085,0.035,41.5,0.71,0.14788732394366197,0.1056338028169014,128.5,156.5,43.0
cifar_nes_seed0,confidence_boost,denoise,200,0.17,0.105,1.0,1.0,0.125,0.05,32.0,0.67,0.2537313432835821,0.15671641791044777,97.0,93.0,39.5
cifar_nes_seed0,counterfactual,deblur,200,0.08,0.035,1.0,0.945,0.05,0.025,44.5,0.71,0.11267605633802817,0.04929577464788732,121.5,164.0,33.0
cifar_nes_seed0,counterfactual,denoise,200,0.215,0.14,1.0,1.0,0.15,0.055,34.5,0.665,0.3233082706766917,0.21052631578947367,86.0,85.0,40.0
cifar_nes_seed0,random_walk,deblur,200,1.0,1.0,1.0,1.0,1.0,1.0,50.0,1.0,1.0,1.0,15.0,15.0,15.0
cifar_nes_seed0,random_walk,denoise,200,1.0,1.0,1.0,1.0,1.0,1.0,50.0,1.0,1.0,1.0,15.5,15.5,15.5
cifar_nes_seed0,restore,deblur,200,0.1,0.05,0.99,0.99,0.07,0.025,43.0,0.73,0.136986301369863,0.0684931506849315,217.0,174.5,35.0
cifar_nes_seed0,restore,denoise,200,0.175,0.15,1.0,1.0,0.09,0.04,35.0,0.68,0.25735294117647056,0.22058823529411764,98.0,85.5,42.0
cifar_nes_seed1,attack,deblur,200,0.055,0.03,1.0,0.975,0.05,0.015,41.0,0.705,0.07801418439716312,0.0425531914893617,121.5,164.0,31.0
cifar_nes_seed1,attack,denoise,200,0.165,0.07,1.0,1.0,0.125,0.025,29.0,0.675,0.24444444444444444,0.1037037037037037,85.5,87.5,38.0
cifar_nes_seed1,boundary_probe,deblur,200,0.1,0.04,0.995,0.97,0.06,0.03,41.5,0.71,0.14084507042253522,0.056338028169014086,122.0,173.5,37.0
cifar_nes_seed1,boundary_probe,denoise,200,0.15,0.115,1.0,1.0,0.08,0.035,32.0,0.69,0.21739130434782608,0.16666666666666666,87.0,84.5,41.0
cifar_nes_seed1,confidence_boost,deblur,200,0.095,0.055,1.0,0.995,0.07,0.015,41.0,0.71,0.13380281690140844,0.07746478873239436,127.5,175.0,34.0
cifar_nes_seed1,confidence_boost,denoise,200,0.145,0.085,1.0,1.0,0.11,0.03,32.5,0.685,0.2116788321167883,0.12408759124087591,92.5,89.5,40.0
cifar_nes_seed1,counterfactual,deblur,200,0.125,0.065,1.0,0.975,0.1,0.04,41.5,0.715,0.17482517482517482,0.09090909090909091,113.0,146.0,33.0
cifar_nes_seed1,counterfactual,denoise,200,0.18,0.125,1.0,1.0,0.1,0.045,29.0,0.675,0.26666666666666666,0.18518518518518517,92.5,85.0,41.5
cifar_nes_seed1,random_walk,deblur,200,1.0,1.0,1.0,1.0,1.0,1.0,50.0,1.0,1.0,1.0,15.0,15.0,15.0
cifar_nes_seed1,random_walk,denoise,200,1.0,1.0,1.0,1.0,1.0,1.0,50.0,1.0,1.0,1.0,15.0,15.0,15.0
cifar_nes_seed1,restore,deblur,200,0.105,0.06,0.985,0.995,0.085,0.015,41.0,0.705,0.14893617021276595,0.0851063829787234,220.0,155.0,40.0
cifar_nes_seed1,restore,denoise,200,0.165,0.13,1.0,1.0,0.1,0.045,31.0,0.675,0.24444444444444444,0.1925925925925926,90.0,84.0,40.0
cifar_nes_seed2,attack,deblur,200,0.115,0.05,0.995,0.99,0.05,0.02,44.0,0.745,0.15436241610738255,0.06711409395973154,108.0,132.0,41.0
cifar_nes_seed2,attack,denoise,200,0.27,0.18,1.0,1.0,0.135,0.065,35.0,0.695,0.38848920863309355,0.2589928057553957,83.0,83.5,40.0
cifar_nes_seed2,boundary_probe,deblur,200,0.12,0.06,1.0,0.975,0.095,0.02,43.0,0.725,0.16551724137931034,0.08275862068965517,109.0,118.0,32.5
cifar_nes_seed2,boundary_probe,denoise,200,0.195,0.145,1.0,1.0,0.105,0.04,37.5,0.71,0.2746478873239437,0.20422535211267606,85.0,82.0,40.0
cifar_nes_seed2,confidence_boost,deblur,200,0.14,0.08,1.0,0.995,0.085,0.02,44.0,0.745,0.18791946308724833,0.10738255033557047,112.5,115.0,34.0
cifar_nes_seed2,confidence_boost,denoise,200,0.22,0.135,1.0,1.0,0.155,0.075,35.5,0.715,0.3076923076923077,0.1888111888111888,87.0,82.5,40.0
cifar_nes_seed2,counterfactual,deblur,200,0.185,0.1,1.0,0.985,0.085,0.03,43.0,0.71,0.2605633802816901,0.14084507042253522,109.5,132.0,41.0
cifar_nes_seed2,counterfactual,denoise,200,0.15,0.11,1.0,1.0,0.085,0.03,36.0,0.675,0.2222222222222222,0.16296296296296298,89.0,95.0,40.0
cifar_nes_seed2,random_walk,deblur,200,1.0,1.0,1.0,1.0,1.0,1.0,50.0,1.0,1.0,1.0,15.0,15.0,15.0
cifar_nes_seed2,random_walk,denoise,200,1.0,1.0,1.0,1.0,1.0,1.0,50.0,1.0,1.0,1.0,15.0,15.0,15.0
cifar_nes_seed2,restore,deblur,200,0.15,0.115,1.0,1.0,0.09,0.05,43.0,0.72,0.20833333333333334,0.1597222222222222,151.5,132.0,36.5
cifar_nes_seed2,restore,denoise,200,0.18,0.13,1.0,1.0,0.08,0.03,33.0,0.665,0.2706766917293233,0.19548872180451127,86.0,80.0,41.0
cifar_nes_vgg19bn,attack,deblur,200,0.165,0.06,1.0,1.0,0.11,0.03,45.0,0.73,0.22602739726027396,0.0821917808219178,103.0,130.0,34.0
cifar_nes_vgg19bn,attack,denoise,200,0.205,0.12,1.0,1.0,0.125,0.04,36.0,0.675,0.3037037037037037,0.17777777777777778,91.0,91.5,39.0
cifar_nes_vgg19bn,boundary_probe,deblur,200,0.15,0.11,1.0,0.995,0.115,0.035,46.0,0.77,0.19480519480519481,0.14285714285714285,106.0,113.0,37.5
cifar_nes_vgg19bn,boundary_probe,denoise,200,0.18,0.1,1.0,1.0,0.115,0.03,35.5,0.71,0.2535211267605634,0.14084507042253522,97.5,102.0,35.0
cifar_nes_vgg19bn,confidence_boost,deblur,200,0.14,0.06,1.0,1.0,0.105,0.035,43.0,0.755,0.18543046357615894,0.07947019867549669,114.0,133.0,38.0
cifar_nes_vgg19bn,confidence_boost,denoise,200,0.13,0.075,1.0,1.0,0.085,0.02,35.0,0.695,0.18705035971223022,0.1079136690647482,100.0,101.0,37.0
cifar_nes_vgg19bn,counterfactual,deblur,200,0.145,0.07,1.0,1.0,0.095,0.02,44.0,0.745,0.19463087248322147,0.09395973154362416,113.0,142.0,40.0
cifar_nes_vgg19bn,counterfactual,denoise,200,0.085,0.055,1.0,1.0,0.06,0.025,36.0,0.68,0.125,0.08088235294117647,101.0,109.0,36.0
cifar_nes_vgg19bn,random_walk,deblur,200,1.0,1.0,1.0,1.0,1.0,1.0,50.0,1.0,1.0,1.0,15.0,15.0,15.0
cifar_nes_vgg19bn,random_walk,denoise,200,1.0,1.0,1.0,1.0,1.0,1.0,50.0,1.0,1.0,1.0,15.0,15.0,15.0
cifar_nes_vgg19bn,restore,deblur,200,0.165,0.085,0.995,0.995,0.095,0.01,44.0,0.745,0.2214765100671141,0.11409395973154363,137.0,117.0,38.0
cifar_nes_vgg19bn,restore,denoise,200,0.195,0.15,1.0,1.0,0.13,0.07,35.5,0.69,0.2826086956521739,0.21739130434782608,99.0,89.0,40.0
cifar_simba,attack,deblur,200,0.995,0.995,1.0,1.0,0.995,0.995,50.0,1.0,0.995,0.995,16.0,16.0,16.0
cifar_simba,attack,denoise,200,1.0,1.0,1.0,1.0,1.0,1.0,50.0,1.0,1.0,1.0,15.0,15.0,15.0
cifar_simba,boundary_probe,deblur,200,1.0,1.0,1.0,1.0,1.0,1.0,50.0,1.0,1.0,1.0,16.0,16.0,16.0
cifar_simba,boundary_probe,denoise,200,1.0,0.995,1.0,1.0,1.0,0.995,50.0,1.0,1.0,0.995,16.0,16.0,16.0
cifar_simba,confidence_boost,deblur,200,0.995,0.995,1.0,1.0,0.995,0.995,50.0,1.0,0.995,0.995,15.0,15.0,15.0
cifar_simba,confidence_boost,denoise,200,1.0,1.0,1.0,1.0,1.0,1.0,50.0,1.0,1.0,1.0,16.0,16.0,16.0
cifar_simba,counterfactual,deblur,200,1.0,1.0,1.0,1.0,1.0,1.0,50.0,1.0,1.0,1.0,16.0,16.0,16.0
cifar_simba,counterfactual,denoise,200,1.0,1.0,1.0,1.0,1.0,1.0,50.0,1.0,1.0,1.0,15.0,15.0,15.0
cifar_simba,restore,deblur,200,0.83,0.76,1.0,1.0,0.85,0.785,50.0,1.0,0.83,0.76,31.0,31.0,26.5
cifar_simba,restore,denoise,200,0.905,0.84,1.0,1.0,0.91,0.885,50.0,1.0,0.905,0.84,26.0,26.0,24.0
gtsrb_nes,attack,deblur,210,0.1619047619047619,0.10952380952380952,0.9952380952380953,0.9952380952380953,0.08571428571428572,0.047619047619047616,3.0,0.38571428571428573,0.41975308641975306,0.2839506172839506,180.0,203.0,40.5
gtsrb_nes,attack,denoise,210,0.11904761904761904,0.08095238095238096,1.0,1.0,0.047619047619047616,0.014285714285714285,3.0,0.3380952380952381,0.352112676056338,0.23943661971830985,173.5,182.0,42.0
gtsrb_nes,boundary_probe,deblur,210,0.1523809523809524,0.12380952380952381,0.9952380952380953,0.9952380952380953,0.08571428571428572,0.0380952380952381,3.0,0.3904761904761905,0.3902439024390244,0.3170731707317073,187.0,200.0,40.0
gtsrb_nes,boundary_probe,denoise,210,0.12857142857142856,0.09523809523809523,0.9904761904761905,0.9952380952380953,0.06190476190476191,0.02857142857142857,3.0,0.3238095238095238,0.39705882352941174,0.29411764705882354,194.0,198.0,41.0
gtsrb_nes,confidence_boost,deblur,210,0.1380952380952381,0.10476190476190476,1.0,1.0,0.08571428571428572,0.047619047619047616,3.0,0.38571428571428573,0.35802469135802467,0.2716049382716049,184.0,205.0,40.0
gtsrb_nes,confidence_boost,denoise,210,0.11904761904761904,0.08571428571428572,1.0,1.0,0.08571428571428572,0.02857142857142857,3.0,0.32857142857142857,0.36231884057971014,0.2608695652173913,174.0,187.5,31.0
gtsrb_nes,counterfactual,deblur,210,0.12380952380952381,0.08571428571428572,1.0,1.0,0.05238095238095238,0.01904761904761905,3.0,0.37142857142857144,0.3333333333333333,0.23076923076923078,205.0,220.5,41.5
gtsrb_nes,counterfactual,denoise,210,0.1380952380952381,0.12857142857142856,1.0,1.0,0.0380952380952381,0.014285714285714285,3.0,0.3333333333333333,0.4142857142857143,0.38571428571428573,198.5,196.5,42.0
gtsrb_nes,random_walk,deblur,210,0.9952380952380953,0.9952380952380953,1.0,1.0,0.9952380952380953,0.9952380952380953,50.0,0.9952380952380953,1.0,1.0,15.5,15.5,15.0
gtsrb_nes,random_walk,denoise,210,1.0,1.0,1.0,1.0,1.0,1.0,50.0,1.0,1.0,1.0,15.5,15.5,15.5
gtsrb_nes,restore,deblur,210,0.1380952380952381,0.12857142857142856,0.9666666666666667,0.9619047619047619,0.06666666666666667,0.014285714285714285,3.0,0.3761904761904762,0.3670886075949367,0.34177215189873417,222.0,202.0,40.0
gtsrb_nes,restore,denoise,210,0.14761904761904762,0.11904761904761904,1.0,1.0,0.0761904761904762,0.03333333333333333,3.0,0.30952380952380953,0.47692307692307695,0.38461538461538464,198.0,197.5,41.0
imagenet_explain,kernelshap,clean,200,0.13,0.025,0.32,0.83,0.1,0.03,50.0,1.0,0.13,0.025,75.0,139.5,30.5
imagenet_explain,lime,clean,200,0.12,0.02,0.305,0.985,0.105,0.03,50.0,1.0,0.12,0.02,89.0,153.0,26.0
imagenet_explain,occlusion,clean,200,0.97,0.95,0.995,1.0,0.97,0.95,50.0,1.0,0.97,0.95,18.0,18.0,18.0
imagenet_explain,rise,clean,200,0.05,0.02,0.32,0.94,0.025,0.01,20.0,0.585,0.08547008547008547,0.03418803418803419,140.0,189.5,35.0
imagenet_libraries,captum_kernelshap,clean,100,0.16,0.03,0.62,0.99,0.15,0.02,33.0,1.0,0.16,0.03,126.5,137.0,23.0
imagenet_libraries,captum_occlusion,clean,100,0.96,0.91,1.0,1.0,0.97,0.96,50.0,1.0,0.96,0.91,18.0,18.0,18.0
imagenet_libraries,lime_package,clean,100,0.19,0.08,0.33,0.99,0.17,0.04,50.0,1.0,0.19,0.08,42.0,118.0,30.0
imagenet_nes,attack,deblur,200,0.66,0.565,0.995,0.995,0.645,0.57,50.0,1.0,0.66,0.565,44.0,44.0,39.0
imagenet_nes,attack,denoise,200,0.885,0.815,1.0,1.0,0.88,0.815,50.0,1.0,0.885,0.815,38.0,38.0,36.0
imagenet_nes,boundary_probe,deblur,200,0.65,0.58,0.995,0.995,0.645,0.59,50.0,1.0,0.65,0.58,43.0,43.0,39.0
imagenet_nes,boundary_probe,denoise,200,0.75,0.68,1.0,1.0,0.705,0.67,50.0,1.0,0.75,0.68,40.5,40.5,38.0
imagenet_nes,confidence_boost,deblur,200,0.51,0.425,0.985,1.0,0.535,0.46,50.0,1.0,0.51,0.425,49.0,49.5,39.0
imagenet_nes,confidence_boost,denoise,200,0.795,0.73,1.0,1.0,0.81,0.775,50.0,1.0,0.795,0.73,39.0,39.0,37.0
imagenet_nes,counterfactual,deblur,200,0.595,0.51,0.995,0.995,0.57,0.485,50.0,1.0,0.595,0.51,45.0,45.0,37.0
imagenet_nes,counterfactual,denoise,200,0.755,0.655,1.0,1.0,0.7,0.625,50.0,1.0,0.755,0.655,42.0,42.0,39.0
imagenet_nes,random_walk,deblur,200,0.98,0.98,1.0,1.0,0.985,0.985,50.0,1.0,0.98,0.98,15.0,15.0,15.0
imagenet_nes,random_walk,denoise,200,1.0,0.995,1.0,1.0,0.995,0.99,50.0,1.0,1.0,0.995,15.0,15.0,15.0
imagenet_nes,restore,deblur,200,0.19,0.085,0.91,0.995,0.125,0.05,50.0,1.0,0.19,0.085,148.5,109.0,31.5
imagenet_nes,restore,denoise,200,0.365,0.265,1.0,1.0,0.155,0.065,50.0,1.0,0.365,0.265,67.0,66.0,40.0
nes_v1_step1,attack,deblur,200,0.37,0.32,0.955,0.95,0.385,0.31,42.5,0.71,0.5211267605633803,0.4507042253521127,58.0,60.0,39.0
nes_v1_step1,attack,denoise,200,0.5,0.45,1.0,1.0,0.52,0.485,35.0,0.71,0.704225352112676,0.6338028169014085,50.5,50.5,38.5
nes_v1_step1,confidence_boost,deblur,200,0.285,0.26,0.98,0.98,0.285,0.24,41.5,0.705,0.40425531914893614,0.36879432624113473,60.5,64.0,39.0
nes_v1_step1,confidence_boost,denoise,200,0.425,0.38,0.99,0.99,0.41,0.38,33.5,0.685,0.6204379562043796,0.5547445255474452,57.0,57.0,41.0
nes_v1_step1,restore,deblur,200,0.095,0.045,0.95,0.98,0.06,0.015,43.0,0.72,0.13194444444444445,0.0625,178.0,139.0,34.0
nes_v1_step1,restore,denoise,200,0.22,0.17,1.0,1.0,0.15,0.07,34.5,0.705,0.3120567375886525,0.24113475177304963,83.5,80.0,40.0
nes_v2_step2,attack,deblur,200,0.475,0.45,0.915,0.91,0.49,0.455,42.5,0.635,0.7480314960629921,0.7086614173228346,46.0,46.0,28.0
nes_v2_step2,attack,denoise,200,0.52,0.515,0.955,0.95,0.52,0.515,29.0,0.575,0.9043478260869565,0.8956521739130435,41.0,40.5,25.0
nes_v2_step2,confidence_boost,deblur,200,0.4,0.365,0.905,0.91,0.405,0.38,41.5,0.66,0.6060606060606061,0.553030303030303,54.0,54.0,33.5
nes_v2_step2,confidence_boost,denoise,200,0.505,0.49,0.955,0.955,0.505,0.495,29.0,0.595,0.8487394957983193,0.8235294117647058,46.0,46.0,30.0
nes_v2_step2,restore,deblur,200,0.075,0.04,0.785,0.845,0.04,0.015,43.0,0.685,0.10948905109489052,0.058394160583941604,187.0,138.0,36.0
nes_v2_step2,restore,denoise,200,0.205,0.17,0.885,0.885,0.11,0.05,33.5,0.615,0.3333333333333333,0.2764227642276423,84.0,83.0,40.0
nes_v3_step2_always,attack,deblur,200,0.515,0.48,0.88,0.88,0.535,0.5,42.5,0.635,0.8110236220472441,0.7559055118110236,41.0,41.0,29.0
nes_v3_step2_always,attack,denoise,200,0.52,0.515,0.935,0.935,0.52,0.515,29.0,0.575,0.9043478260869565,0.8956521739130435,40.0,40.0,25.0
nes_v3_step2_always,confidence_boost,deblur,200,0.415,0.39,0.89,0.89,0.43,0.405,41.5,0.645,0.6434108527131783,0.6046511627906976,52.0,52.0,32.0
nes_v3_step2_always,confidence_boost,denoise,200,0.505,0.495,0.93,0.93,0.5,0.495,29.0,0.595,0.8487394957983193,0.8319327731092437,44.0,44.0,30.0
nes_v3_step2_always,restore,deblur,200,0.31,0.24,0.87,0.87,0.305,0.26,43.0,0.63,0.49206349206349204,0.38095238095238093,65.5,65.0,38.0
nes_v3_step2_always,restore,denoise,200,0.295,0.27,0.915,0.915,0.23,0.2,26.5,0.56,0.5267857142857143,0.48214285714285715,70.0,70.0,40.0
