part,stream,variant,n,alarm,lo,hi,alarm_within_50,seq50_flag,seq50_flag_lag5,median_largest_in_first_50,median_first,median_largest_subsequence
A,noise,frozen,50,0.0,6.938893903907228e-18,0.07134759913335872,0.0,0.0,0.0,1.0,,1.0
A,noise,literal_fixed,50,0.0,6.938893903907228e-18,0.07134759913335872,0.0,0.0,0.0,1.0,,1.0
A,noise,literal_fresh,50,0.0,6.938893903907228e-18,0.07134759913335872,0.0,0.0,0.0,1.0,,1.0
A,noise,salt_unit,50,0.0,6.938893903907228e-18,0.07134759913335872,0.0,0.0,0.0,1.0,,1.0
A,noise,strict_threshold,50,0.0,6.938893903907228e-18,0.07134759913335872,0.0,0.0,0.0,1.0,,1.0
A,noise_small,frozen,50,0.36,0.24138749651846741,0.49858983123887307,0.18,0.04,0.02,50.0,56.0,1024.0
A,noise_small,literal_fixed,50,0.36,0.24138749651846741,0.49858983123887307,0.18,0.04,0.02,50.0,56.0,1024.0
A,noise_small,literal_fresh,50,0.2,0.1124375001577611,0.3303710593222542,0.02,0.02,0.02,1.0,552.5,382.5
A,noise_small,salt_unit,50,0.36,0.24138749651846741,0.49858983123887307,0.18,0.04,0.02,50.0,56.0,1024.0
A,noise_small,strict_threshold,50,0.36,0.24138749651846741,0.49858983123887307,0.18,0.04,0.02,50.0,56.0,1024.0
A,shuffled,frozen,50,0.0,6.938893903907228e-18,0.07134759913335872,0.0,0.0,0.0,1.0,,1.0
A,shuffled,literal_fixed,50,0.0,6.938893903907228e-18,0.07134759913335872,0.0,0.0,0.0,1.0,,1.0
A,shuffled,literal_fresh,50,0.0,6.938893903907228e-18,0.07134759913335872,0.0,0.0,0.0,1.0,,1.0
A,shuffled,salt_unit,50,0.0,6.938893903907228e-18,0.07134759913335872,0.0,0.0,0.0,1.0,,1.0
A,shuffled,strict_threshold,50,0.0,6.938893903907228e-18,0.07134759913335872,0.0,0.0,0.0,1.0,,1.0
A,simba,frozen,50,1.0,0.9286524008666414,1.0,1.0,1.0,1.0,50.0,17.0,1023.0
A,simba,literal_fixed,50,1.0,0.9286524008666414,1.0,1.0,1.0,1.0,50.0,17.0,1023.0
A,simba,literal_fresh,50,0.64,0.501410168761127,0.7586125034815325,0.04,0.04,0.04,1.0,330.0,422.5
A,simba,salt_unit,50,1.0,0.9286524008666414,1.0,1.0,1.0,1.0,50.0,17.0,1023.0
A,simba,strict_threshold,50,1.0,0.9286524008666414,1.0,1.0,1.0,1.0,50.0,17.0,1023.0
A,square,frozen,50,1.0,0.9286524008666414,1.0,0.98,0.98,0.98,50.0,17.5,1024.0
A,square,literal_fixed,50,1.0,0.9286524008666414,1.0,0.98,0.98,0.98,50.0,17.5,1024.0
A,square,literal_fresh,50,0.28,0.17474170665911232,0.4166512369595657,0.02,0.02,0.02,1.0,372.0,1.0
A,square,salt_unit,50,1.0,0.9286524008666414,1.0,0.98,0.98,0.98,50.0,17.5,1024.0
A,square,strict_threshold,50,1.0,0.9286524008666414,1.0,0.98,0.98,0.98,50.0,17.5,1024.0
A,sweep,frozen,50,0.6,0.4618143774758936,0.7239161026974346,0.0,0.0,0.0,2.0,156.5,101.0
A,sweep,literal_fixed,50,0.92,0.8116175308165717,0.968450485911407,0.06,0.06,0.08,5.5,156.0,184.5
A,sweep,literal_fresh,50,0.06,0.02061497034897397,0.16217091688838173,0.02,0.02,0.02,1.0,450.0,1.0
A,sweep,salt_unit,50,0.92,0.8116175308165717,0.968450485911407,0.08,0.08,0.1,6.0,145.5,192.5
A,sweep,strict_threshold,50,0.54,0.40398871399157477,0.6703034780777566,0.0,0.0,0.0,2.0,175.0,88.0
B,attack,frozen,100,1.0,0.9630065017930143,1.0,0.09,0.03,0.0,38.5,110.5,1009.5
B,attack,literal_fixed,100,1.0,0.9630065017930143,1.0,0.21,0.13,0.04,49.0,78.5,1020.0
B,attack,literal_fresh,100,0.04,0.01566330399154762,0.0983707143588792,0.0,0.0,0.0,1.0,395.0,1.0
B,attack,salt_unit,100,1.0,0.9630065017930143,1.0,0.23,0.16,0.04,49.0,78.0,1020.0
B,attack,strict_threshold,100,1.0,0.9630065017930143,1.0,0.11,0.05,0.01,26.5,116.5,997.5
B,confidence_boost,frozen,100,1.0,0.9630065017930143,1.0,0.17,0.13,0.04,37.0,107.5,1008.0
B,confidence_boost,literal_fixed,100,1.0,0.9630065017930143,1.0,0.27,0.24,0.08,48.5,89.5,1019.5
B,confidence_boost,literal_fresh,100,0.03,0.010254524024038925,0.0845193642905276,0.0,0.0,0.0,1.0,485.0,1.0
B,confidence_boost,salt_unit,100,1.0,0.9630065017930143,1.0,0.29,0.24,0.08,49.0,85.5,1020.0
B,confidence_boost,strict_threshold,100,1.0,0.9630065017930143,1.0,0.16,0.11,0.04,28.5,122.0,999.5
B,restore,frozen,100,1.0,0.9630065017930143,1.0,0.13,0.09,0.05,37.0,134.0,1008.0
B,restore,literal_fixed,100,0.99,0.9455138038212946,0.9982325679358593,0.25,0.14,0.03,49.0,96.0,1020.0
B,restore,literal_fresh,100,0.04,0.01566330399154762,0.0983707143588792,0.0,0.0,0.0,1.0,589.0,1.0
B,restore,salt_unit,100,0.99,0.9455138038212946,0.9982325679358593,0.28,0.17,0.03,49.0,79.0,1020.0
B,restore,strict_threshold,100,1.0,0.9630065017930143,1.0,0.1,0.08,0.04,30.0,182.5,1001.0
