benign,unit,prefix,auroc,auroc_poisoned_attack
boundary_probe,dd_session,early,0.5120750000000001,0.963875
boundary_probe,dd_session,full,0.692375,0.9534874999999999
boundary_probe,dd_group,early,0.5140750000000001,0.5140750000000001
boundary_probe,dd_group,full,0.69519375,0.69519375
boundary_probe,tr_group,early,0.515671875,0.515671875
boundary_probe,tr_group,full,0.7851750000000001,0.7851750000000001
confidence_boost,dd_session,early,0.8308312499999999,0.9877125
confidence_boost,dd_session,full,0.9976875000000001,0.99975625
confidence_boost,dd_group,early,0.80908125,0.80908125
confidence_boost,dd_group,full,0.99755,0.99755
confidence_boost,tr_group,early,0.99996875,0.99996875
confidence_boost,tr_group,full,1.0,1.0
counterfactual,dd_session,early,0.49177499999999996,0.9624125
counterfactual,dd_session,full,0.51985625,0.91521875
counterfactual,dd_group,early,0.49720625,0.49720625
counterfactual,dd_group,full,0.52105625,0.52105625
counterfactual,tr_group,early,0.46404375,0.46404375
counterfactual,tr_group,full,0.519765625,0.519765625
kernelshap,dd_session,early,0.00020000000000000017,0.4748625000000001
kernelshap,dd_session,full,0.026700000000000005,0.46637500000000004
kernelshap,dd_group,early,0.0006875000000000006,0.0006875000000000006
kernelshap,dd_group,full,0.030487500000000008,0.030487500000000008
kernelshap,tr_group,early,0.9938250000000001,0.9938250000000001
kernelshap,tr_group,full,0.9982625,0.9982625
lime,dd_session,early,0.0066000000000000026,0.7148875
lime,dd_session,full,0.154425,0.7018875
lime,dd_group,early,0.2812875,0.2812875
lime,dd_group,full,0.2734375,0.2734375
lime,tr_group,early,0.9571624999999999,0.9571624999999999
lime,tr_group,full,0.9992749999999999,0.9992749999999999
noise,dd_session,early,0.002800000000000001,0.8021375000000001
noise,dd_session,full,0.1520125,0.780075
noise,dd_group,early,1.0,1.0
noise,dd_group,full,1.0,1.0
noise,tr_group,early,0.9975,0.9975
noise,tr_group,full,1.0,1.0
occlusion,dd_session,early,0.39517500000000005,0.9514
occlusion,dd_session,full,0.8066,0.9756750000000001
occlusion,dd_group,early,0.3479375,0.3479375
occlusion,dd_group,full,0.7907625,0.7907625
occlusion,tr_group,early,0.9864125,0.9864125
occlusion,tr_group,full,0.9989875,0.9989875
random_walk,dd_session,early,0.93348125,0.99534375
random_walk,dd_session,full,0.98380625,0.9981500000000001
random_walk,dd_group,early,0.91225,0.91225
random_walk,dd_group,full,0.98185625,0.98185625
random_walk,tr_group,early,0.708053125,0.708053125
random_walk,tr_group,full,0.9964000000000001,0.9964000000000001
restore,dd_session,early,0.7722375,0.9834562499999999
restore,dd_session,full,0.9910687499999999,0.99896875
restore,dd_group,early,0.7489812499999999,0.7489812499999999
restore,dd_group,full,0.9894625,0.9894625
restore,tr_group,early,0.9902562500000001,0.9902562500000001
restore,tr_group,full,0.99903125,0.99903125
rise,dd_session,early,0.00016250000000000016,0.6150375
rise,dd_session,full,0.026800000000000004,0.5437
rise,dd_group,early,0.9955625,0.9955625
rise,dd_group,full,0.9998375,0.9998375
rise,tr_group,early,0.9925625,0.9925625
rise,tr_group,full,0.995,0.995
shuffled,dd_session,early,0.0,0.0002899999999999972
shuffled,dd_session,full,0.0,0.0
shuffled,dd_group,early,0.9951575,0.9951575
shuffled,dd_group,full,0.96244875,0.96244875
shuffled,tr_group,early,0.99698875,0.99698875
shuffled,tr_group,full,0.9964850000000001,0.9964850000000001
sweep,dd_session,early,0.13786250000000003,0.9144875
sweep,dd_session,full,0.2643125,0.8053874999999999
sweep,dd_group,early,0.7396,0.7396
sweep,dd_group,full,0.7276500000000001,0.7276500000000001
sweep,tr_group,early,0.8232250000000001,0.8232250000000001
sweep,tr_group,full,0.9547,0.9547
