unit,prefix,threshold,objective,tier,n,alarm_rate,lo,hi
dd_session,early,22.279209673404694,attack,attack,400,0.0,8.673617379884035e-19,0.009512294334296508
dd_session,early,22.279209673404694,attack (poisoned),attack,400,0.2,0.16373705973387687,0.24197031686670106
dd_session,early,22.279209673404694,boundary_probe,attack-equivalent,400,0.0,8.673617379884035e-19,0.009512294334296508
dd_session,early,22.279209673404694,confidence_boost,benign,400,0.0,8.673617379884035e-19,0.009512294334296508
dd_session,early,22.279209673404694,counterfactual,attack-equivalent,400,0.0,8.673617379884035e-19,0.009512294334296508
dd_session,early,22.279209673404694,kernelshap,benign,200,0.085,0.05374575017747561,0.13189587071565567
dd_session,early,22.279209673404694,lime,benign,200,0.0,1.734723475976807e-18,0.018845326377266575
dd_session,early,22.279209673404694,noise,benign,200,0.0,1.734723475976807e-18,0.018845326377266575
dd_session,early,22.279209673404694,occlusion,benign,200,0.0,1.734723475976807e-18,0.018845326377266575
dd_session,early,22.279209673404694,random_walk,benign,400,0.0,8.673617379884035e-19,0.009512294334296508
dd_session,early,22.279209673404694,restore,benign,400,0.0,8.673617379884035e-19,0.009512294334296508
dd_session,early,22.279209673404694,rise,benign,200,0.0,1.734723475976807e-18,0.018845326377266575
dd_session,early,22.279209673404694,shuffled,benign,2000,0.0125,0.008481081388571086,0.018388039710650523
dd_session,early,22.279209673404694,sweep,benign,200,0.0,1.734723475976807e-18,0.018845326377266575
dd_session,full,22.533499479293823,attack,attack,400,0.0,8.673617379884035e-19,0.009512294334296508
dd_session,full,22.533499479293823,attack (poisoned),attack,400,0.2025,0.16603379503442495,0.24462602009448153
dd_session,full,22.533499479293823,boundary_probe,attack-equivalent,400,0.0,8.673617379884035e-19,0.009512294334296508
dd_session,full,22.533499479293823,confidence_boost,benign,400,0.0,8.673617379884035e-19,0.009512294334296508
dd_session,full,22.533499479293823,counterfactual,attack-equivalent,400,0.0,8.673617379884035e-19,0.009512294334296508
dd_session,full,22.533499479293823,kernelshap,benign,200,0.075,0.04597491718438201,0.12004361023629456
dd_session,full,22.533499479293823,lime,benign,200,0.005,0.0008831687156009814,0.02777370439789293
dd_session,full,22.533499479293823,noise,benign,200,0.0,1.734723475976807e-18,0.018845326377266575
dd_session,full,22.533499479293823,occlusion,benign,200,0.0,1.734723475976807e-18,0.018845326377266575
dd_session,full,22.533499479293823,random_walk,benign,400,0.0,8.673617379884035e-19,0.009512294334296508
dd_session,full,22.533499479293823,restore,benign,400,0.0,8.673617379884035e-19,0.009512294334296508
dd_session,full,22.533499479293823,rise,benign,200,0.0,1.734723475976807e-18,0.018845326377266575
dd_session,full,22.533499479293823,shuffled,benign,2000,0.0125,0.008481081388571086,0.018388039710650523
dd_session,full,22.533499479293823,sweep,benign,200,0.0,1.734723475976807e-18,0.018845326377266575
dd_group,early,18.67960214614868,attack,attack,400,0.0,8.673617379884035e-19,0.009512294334296508
dd_group,early,18.67960214614868,attack (poisoned),attack,400,0.0,8.673617379884035e-19,0.009512294334296508
dd_group,early,18.67960214614868,boundary_probe,attack-equivalent,400,0.0,8.673617379884035e-19,0.009512294334296508
dd_group,early,18.67960214614868,confidence_boost,benign,400,0.0,8.673617379884035e-19,0.009512294334296508
dd_group,early,18.67960214614868,counterfactual,attack-equivalent,400,0.0,8.673617379884035e-19,0.009512294334296508
dd_group,early,18.67960214614868,kernelshap,benign,200,0.255,0.1996049517203135,0.3196292582045472
dd_group,early,18.67960214614868,lime,benign,200,0.01,0.0027466581335444384,0.0357217617161768
dd_group,early,18.67960214614868,noise,benign,200,0.0,1.734723475976807e-18,0.018845326377266575
dd_group,early,18.67960214614868,occlusion,benign,200,0.0,1.734723475976807e-18,0.018845326377266575
dd_group,early,18.67960214614868,random_walk,benign,400,0.0,8.673617379884035e-19,0.009512294334296508
dd_group,early,18.67960214614868,restore,benign,400,0.0,8.673617379884035e-19,0.009512294334296508
dd_group,early,18.67960214614868,rise,benign,200,0.0,1.734723475976807e-18,0.018845326377266575
dd_group,early,18.67960214614868,shuffled,benign,2000,0.0,1.0842021724855044e-19,0.001917047281252934
dd_group,early,18.67960214614868,sweep,benign,200,0.0,1.734723475976807e-18,0.018845326377266575
dd_group,full,19.919389486312866,attack,attack,400,0.0025,0.0004414477868016362,0.01402328507582339
dd_group,full,19.919389486312866,attack (poisoned),attack,400,0.0025,0.0004414477868016362,0.01402328507582339
dd_group,full,19.919389486312866,boundary_probe,attack-equivalent,400,0.0,8.673617379884035e-19,0.009512294334296508
dd_group,full,19.919389486312866,confidence_boost,benign,400,0.0,8.673617379884035e-19,0.009512294334296508
dd_group,full,19.919389486312866,counterfactual,attack-equivalent,400,0.0025,0.0004414477868016362,0.01402328507582339
dd_group,full,19.919389486312866,kernelshap,benign,200,0.24,0.1860661599241369,0.30373340979204166
dd_group,full,19.919389486312866,lime,benign,200,0.03,0.013820314340111346,0.06389429245451925
dd_group,full,19.919389486312866,noise,benign,200,0.0,1.734723475976807e-18,0.018845326377266575
dd_group,full,19.919389486312866,occlusion,benign,200,0.0,1.734723475976807e-18,0.018845326377266575
dd_group,full,19.919389486312866,random_walk,benign,400,0.0,8.673617379884035e-19,0.009512294334296508
dd_group,full,19.919389486312866,restore,benign,400,0.0,8.673617379884035e-19,0.009512294334296508
dd_group,full,19.919389486312866,rise,benign,200,0.0,1.734723475976807e-18,0.018845326377266575
dd_group,full,19.919389486312866,shuffled,benign,2000,0.0,1.0842021724855044e-19,0.001917047281252934
dd_group,full,19.919389486312866,sweep,benign,200,0.0,1.734723475976807e-18,0.018845326377266575
tr_group,early,0.7278799019607844,attack,attack,400,0.05,0.03259742983714726,0.07596363506371961
tr_group,early,0.7278799019607844,attack (poisoned),attack,400,0.05,0.03259742983714726,0.07596363506371961
tr_group,early,0.7278799019607844,boundary_probe,attack-equivalent,400,0.0525,0.034591528357920405,0.07892197507127496
tr_group,early,0.7278799019607844,confidence_boost,benign,400,0.0,8.673617379884035e-19,0.009512294334296508
tr_group,early,0.7278799019607844,counterfactual,attack-equivalent,400,0.0525,0.034591528357920405,0.07892197507127496
tr_group,early,0.7278799019607844,kernelshap,benign,200,0.0,1.734723475976807e-18,0.018845326377266575
tr_group,early,0.7278799019607844,lime,benign,200,0.02,0.0078044264163494685,0.050287086905826436
tr_group,early,0.7278799019607844,noise,benign,200,0.0,1.734723475976807e-18,0.018845326377266575
tr_group,early,0.7278799019607844,occlusion,benign,200,0.0,1.734723475976807e-18,0.018845326377266575
tr_group,early,0.7278799019607844,random_walk,benign,400,0.1025,0.07645885298219338,0.1361034210135723
tr_group,early,0.7278799019607844,restore,benign,400,0.0025,0.0004414477868016362,0.01402328507582339
tr_group,early,0.7278799019607844,rise,benign,200,0.005,0.0008831687156009814,0.02777370439789293
tr_group,early,0.7278799019607844,shuffled,benign,2000,0.0,1.0842021724855044e-19,0.001917047281252934
tr_group,early,0.7278799019607844,sweep,benign,200,0.035,0.017055542008567192,0.07047061152229073
tr_group,full,0.6989667338709677,attack,attack,400,0.9825,0.964322927074442,0.991497708892962
tr_group,full,0.6989667338709677,attack (poisoned),attack,400,0.9825,0.964322927074442,0.991497708892962
tr_group,full,0.6989667338709677,boundary_probe,attack-equivalent,400,0.5625,0.5135188136473868,0.6102921495608261
tr_group,full,0.6989667338709677,confidence_boost,benign,400,0.0,8.673617379884035e-19,0.009512294334296508
tr_group,full,0.6989667338709677,counterfactual,attack-equivalent,400,0.985,0.9676653664151732,0.9931077080805591
tr_group,full,0.6989667338709677,kernelshap,benign,200,0.0,1.734723475976807e-18,0.018845326377266575
tr_group,full,0.6989667338709677,lime,benign,200,0.0,1.734723475976807e-18,0.018845326377266575
tr_group,full,0.6989667338709677,noise,benign,200,0.0,1.734723475976807e-18,0.018845326377266575
tr_group,full,0.6989667338709677,occlusion,benign,200,0.0,1.734723475976807e-18,0.018845326377266575
tr_group,full,0.6989667338709677,random_walk,benign,400,0.045,0.028651458653886006,0.07000472919032381
tr_group,full,0.6989667338709677,restore,benign,400,0.0,8.673617379884035e-19,0.009512294334296508
tr_group,full,0.6989667338709677,rise,benign,200,0.005,0.0008831687156009814,0.02777370439789293
tr_group,full,0.6989667338709677,shuffled,benign,2000,0.0,1.0842021724855044e-19,0.001917047281252934
tr_group,full,0.6989667338709677,sweep,benign,200,0.125,0.08611974475712644,0.17801425002582347
