session_id,queries,max_match,first_alarm,flagged_queries,first_alarm_recorded,flagged_queries_recorded_rule
calibration__160__clean__lime_package__r0,1000,45,5,994,2,995
calibration__160__clean__captum_kernelshap__r0,1000,50,3,987,3,993
calibration__160__clean__captum_occlusion__r0,785,50,2,784,2,784
calibration__1942__clean__lime_package__r0,1000,47,8,987,8,990
calibration__1942__clean__captum_kernelshap__r0,1000,50,3,989,3,995
calibration__1942__clean__captum_occlusion__r0,785,50,2,784,2,784
calibration__2964__clean__lime_package__r0,1000,43,4,993,4,993
calibration__2964__clean__captum_kernelshap__r0,1000,50,3,988,3,992
calibration__2964__clean__captum_occlusion__r0,785,50,2,784,2,784
calibration__4080__clean__lime_package__r0,1000,40,6,969,6,982
calibration__4080__clean__captum_kernelshap__r0,1000,50,4,991,4,992
calibration__4080__clean__captum_occlusion__r0,785,50,2,784,2,784
calibration__5444__clean__lime_package__r0,1000,42,8,978,8,982
calibration__5444__clean__captum_kernelshap__r0,1000,50,3,978,3,985
calibration__5444__clean__captum_occlusion__r0,785,50,2,784,2,784
calibration__6727__clean__lime_package__r0,1000,45,6,984,6,985
calibration__6727__clean__captum_kernelshap__r0,1000,50,3,983,3,991
calibration__6727__clean__captum_occlusion__r0,785,50,2,784,2,784
calibration__7409__clean__lime_package__r0,1000,43,4,993,4,994
calibration__7409__clean__captum_kernelshap__r0,1000,50,4,988,4,992
calibration__7409__clean__captum_occlusion__r0,785,50,2,784,2,784
calibration__7995__clean__lime_package__r0,1000,43,5,988,5,993
calibration__7995__clean__captum_kernelshap__r0,1000,50,3,973,3,983
calibration__7995__clean__captum_occlusion__r0,785,50,2,784,2,784
calibration__10578__clean__lime_package__r0,1000,43,4,977,4,983
calibration__10578__clean__captum_kernelshap__r0,1000,50,3,990,3,995
calibration__10578__clean__captum_occlusion__r0,785,50,2,784,2,784
calibration__11882__clean__lime_package__r0,1000,43,5,986,5,990
calibration__11882__clean__captum_kernelshap__r0,1000,50,3,983,3,991
calibration__11882__clean__captum_occlusion__r0,785,50,2,784,2,784
calibration__13141__clean__lime_package__r0,1000,44,9,986,9,989
calibration__13141__clean__captum_kernelshap__r0,1000,50,5,984,5,987
calibration__13141__clean__captum_occlusion__r0,785,50,2,784,2,784
calibration__13597__clean__lime_package__r0,1000,43,11,986,9,989
calibration__13597__clean__captum_kernelshap__r0,1000,50,3,991,3,995
calibration__13597__clean__captum_occlusion__r0,785,50,2,784,2,784
calibration__14252__clean__lime_package__r0,1000,41,4,982,4,985
calibration__14252__clean__captum_kernelshap__r0,1000,50,3,984,3,989
calibration__14252__clean__captum_occlusion__r0,785,50,2,784,2,784
calibration__16049__clean__lime_package__r0,1000,44,2,991,2,994
calibration__16049__clean__captum_kernelshap__r0,1000,50,3,985,3,992
calibration__16049__clean__captum_occlusion__r0,785,50,2,784,2,784
calibration__18803__clean__lime_package__r0,1000,42,13,971,13,978
calibration__18803__clean__captum_kernelshap__r0,1000,50,3,988,3,991
calibration__18803__clean__captum_occlusion__r0,785,50,2,784,2,784
calibration__20053__clean__lime_package__r0,1000,45,3,989,3,993
calibration__20053__clean__captum_kernelshap__r0,1000,50,3,980,3,990
calibration__20053__clean__captum_occlusion__r0,785,50,2,784,2,784
calibration__23029__clean__lime_package__r0,1000,44,6,990,6,992
calibration__23029__clean__captum_kernelshap__r0,1000,50,3,981,3,991
calibration__23029__clean__captum_occlusion__r0,785,50,2,784,2,784
calibration__24236__clean__lime_package__r0,1000,45,2,991,2,992
calibration__24236__clean__captum_kernelshap__r0,1000,50,3,989,3,993
calibration__24236__clean__captum_occlusion__r0,785,50,2,784,2,784
calibration__25709__clean__lime_package__r0,1000,42,5,968,5,976
calibration__25709__clean__captum_kernelshap__r0,1000,50,4,975,4,982
calibration__25709__clean__captum_occlusion__r0,785,50,2,784,2,784
calibration__26778__clean__lime_package__r0,1000,45,5,987,5,988
calibration__26778__clean__captum_kernelshap__r0,1000,50,3,986,3,988
calibration__26778__clean__captum_occlusion__r0,785,50,2,784,2,784
calibration__27557__clean__lime_package__r0,1000,47,4,991,4,994
calibration__27557__clean__captum_kernelshap__r0,1000,50,4,979,4,988
calibration__27557__clean__captum_occlusion__r0,785,50,2,784,2,784
calibration__28568__clean__lime_package__r0,1000,44,2,982,2,985
calibration__28568__clean__captum_kernelshap__r0,1000,50,3,986,3,991
calibration__28568__clean__captum_occlusion__r0,785,50,2,784,2,784
calibration__29960__clean__lime_package__r0,1000,36,19,904,8,947
calibration__29960__clean__captum_kernelshap__r0,1000,50,3,986,3,992
calibration__29960__clean__captum_occlusion__r0,785,50,2,784,2,784
calibration__31288__clean__lime_package__r0,1000,42,5,986,5,987
calibration__31288__clean__captum_kernelshap__r0,1000,50,3,992,3,994
calibration__31288__clean__captum_occlusion__r0,785,50,2,784,2,784
calibration__32815__clean__lime_package__r0,1000,42,2,969,2,985
calibration__32815__clean__captum_kernelshap__r0,1000,50,3,977,3,985
calibration__32815__clean__captum_occlusion__r0,785,50,2,784,2,784
calibration__35163__clean__lime_package__r0,1000,50,3,995,3,996
calibration__35163__clean__captum_kernelshap__r0,1000,50,4,989,3,994
calibration__35163__clean__captum_occlusion__r0,785,50,2,784,2,784
calibration__37360__clean__lime_package__r0,1000,44,4,989,4,993
calibration__37360__clean__captum_kernelshap__r0,1000,50,3,992,3,995
calibration__37360__clean__captum_occlusion__r0,785,50,2,784,2,784
calibration__39123__clean__lime_package__r0,1000,47,7,990,5,992
calibration__39123__clean__captum_kernelshap__r0,1000,50,3,983,3,989
calibration__39123__clean__captum_occlusion__r0,785,50,2,784,2,784
calibration__42233__clean__lime_package__r0,1000,43,2,986,2,990
calibration__42233__clean__captum_kernelshap__r0,1000,50,3,983,3,991
calibration__42233__clean__captum_occlusion__r0,785,50,2,784,2,784
calibration__42859__clean__lime_package__r0,1000,44,9,981,5,985
calibration__42859__clean__captum_kernelshap__r0,1000,50,3,981,3,989
calibration__42859__clean__captum_occlusion__r0,785,50,2,784,2,784
calibration__43942__clean__lime_package__r0,1000,43,4,989,4,989
calibration__43942__clean__captum_kernelshap__r0,1000,50,3,980,3,988
calibration__43942__clean__captum_occlusion__r0,785,50,2,784,2,784
calibration__45997__clean__lime_package__r0,1000,47,2,983,2,987
calibration__45997__clean__captum_kernelshap__r0,1000,50,3,971,3,981
calibration__45997__clean__captum_occlusion__r0,785,50,2,784,2,784
calibration__48687__clean__lime_package__r0,1000,41,9,974,4,984
calibration__48687__clean__captum_kernelshap__r0,1000,50,3,989,3,992
calibration__48687__clean__captum_occlusion__r0,785,50,2,784,2,784
calibration__49601__clean__lime_package__r0,1000,46,4,985,4,987
calibration__49601__clean__captum_kernelshap__r0,1000,50,3,972,3,983
calibration__49601__clean__captum_occlusion__r0,785,50,2,784,2,784
confirmation__1502__clean__lime_package__r0,1000,42,6,975,6,985
confirmation__1502__clean__captum_kernelshap__r0,1000,50,3,982,3,989
confirmation__1502__clean__captum_occlusion__r0,785,50,2,784,2,784
confirmation__2945__clean__lime_package__r0,1000,48,4,993,4,993
confirmation__2945__clean__captum_kernelshap__r0,1000,50,3,988,3,995
confirmation__2945__clean__captum_occlusion__r0,785,50,2,784,2,784
confirmation__3160__clean__lime_package__r0,1000,44,7,985,7,989
confirmation__3160__clean__captum_kernelshap__r0,1000,50,3,987,3,992
confirmation__3160__clean__captum_occlusion__r0,785,50,2,784,2,784
confirmation__5344__clean__lime_package__r0,1000,43,5,974,5,984
confirmation__5344__clean__captum_kernelshap__r0,1000,50,3,988,3,993
confirmation__5344__clean__captum_occlusion__r0,785,50,2,784,2,784
confirmation__5998__clean__lime_package__r0,1000,45,4,982,4,988
confirmation__5998__clean__captum_kernelshap__r0,1000,50,3,977,3,983
confirmation__5998__clean__captum_occlusion__r0,785,50,2,784,2,784
confirmation__7080__clean__lime_package__r0,1000,42,4,983,4,989
confirmation__7080__clean__captum_kernelshap__r0,1000,50,3,995,3,997
confirmation__7080__clean__captum_occlusion__r0,785,50,2,784,2,784
confirmation__7859__clean__lime_package__r0,1000,43,3,985,3,992
confirmation__7859__clean__captum_kernelshap__r0,1000,50,3,970,3,983
confirmation__7859__clean__captum_occlusion__r0,785,50,2,784,2,784
confirmation__8431__clean__lime_package__r0,1000,45,6,987,6,989
confirmation__8431__clean__captum_kernelshap__r0,1000,50,3,986,3,995
confirmation__8431__clean__captum_occlusion__r0,785,50,2,784,2,784
confirmation__11071__clean__lime_package__r0,1000,46,2,988,2,993
confirmation__11071__clean__captum_kernelshap__r0,1000,50,3,982,3,989
confirmation__11071__clean__captum_occlusion__r0,785,50,2,784,2,784
confirmation__12437__clean__lime_package__r0,1000,42,6,976,6,986
confirmation__12437__clean__captum_kernelshap__r0,1000,50,3,982,3,989
confirmation__12437__clean__captum_occlusion__r0,785,50,2,784,2,784
confirmation__13309__clean__lime_package__r0,1000,46,3,996,3,996
confirmation__13309__clean__captum_kernelshap__r0,1000,50,3,988,3,991
confirmation__13309__clean__captum_occlusion__r0,785,50,2,784,2,784
confirmation__13661__clean__lime_package__r0,1000,44,6,972,6,980
confirmation__13661__clean__captum_kernelshap__r0,1000,50,3,985,3,990
confirmation__13661__clean__captum_occlusion__r0,785,50,2,784,2,784
confirmation__15626__clean__lime_package__r0,1000,41,4,968,4,978
confirmation__15626__clean__captum_kernelshap__r0,1000,50,3,986,3,989
confirmation__15626__clean__captum_occlusion__r0,785,50,2,784,2,784
confirmation__18488__clean__lime_package__r0,1000,40,6,975,4,987
confirmation__18488__clean__captum_kernelshap__r0,1000,50,3,989,3,990
confirmation__18488__clean__captum_occlusion__r0,785,50,2,784,2,784
confirmation__20030__clean__lime_package__r0,1000,44,6,971,6,976
confirmation__20030__clean__captum_kernelshap__r0,1000,50,3,977,3,983
confirmation__20030__clean__captum_occlusion__r0,785,50,2,784,2,784
confirmation__21197__clean__lime_package__r0,1000,46,7,992,7,992
confirmation__21197__clean__captum_kernelshap__r0,1000,50,3,976,3,982
confirmation__21197__clean__captum_occlusion__r0,785,50,2,784,2,784
confirmation__23637__clean__lime_package__r0,1000,43,4,992,4,995
confirmation__23637__clean__captum_kernelshap__r0,1000,50,3,986,3,989
confirmation__23637__clean__captum_occlusion__r0,785,50,2,784,2,784
confirmation__25651__clean__lime_package__r0,1000,44,3,988,3,990
confirmation__25651__clean__captum_kernelshap__r0,1000,50,4,994,4,995
confirmation__25651__clean__captum_occlusion__r0,785,50,2,784,2,784
confirmation__26743__clean__lime_package__r0,1000,43,3,988,3,991
confirmation__26743__clean__captum_kernelshap__r0,1000,50,3,975,3,984
confirmation__26743__clean__captum_occlusion__r0,785,50,2,784,2,784
confirmation__27157__clean__lime_package__r0,1000,47,4,996,4,996
confirmation__27157__clean__captum_kernelshap__r0,1000,50,3,973,3,983
confirmation__27157__clean__captum_occlusion__r0,785,50,2,784,2,784
confirmation__28221__clean__lime_package__r0,1000,46,2,994,2,996
confirmation__28221__clean__captum_kernelshap__r0,1000,50,3,992,3,993
confirmation__28221__clean__captum_occlusion__r0,785,50,2,784,2,784
confirmation__29924__clean__lime_package__r0,1000,43,2,994,2,994
confirmation__29924__clean__captum_kernelshap__r0,1000,50,3,989,3,993
confirmation__29924__clean__captum_occlusion__r0,785,50,2,784,2,784
confirmation__30658__clean__lime_package__r0,1000,45,7,986,7,988
confirmation__30658__clean__captum_kernelshap__r0,1000,50,4,980,4,987
confirmation__30658__clean__captum_occlusion__r0,785,50,2,784,2,784
confirmation__32639__clean__lime_package__r0,1000,41,4,975,4,985
confirmation__32639__clean__captum_kernelshap__r0,1000,50,3,988,3,990
confirmation__32639__clean__captum_occlusion__r0,785,50,2,784,2,784
confirmation__34416__clean__lime_package__r0,1000,43,10,975,8,982
confirmation__34416__clean__captum_kernelshap__r0,1000,50,3,991,3,994
confirmation__34416__clean__captum_occlusion__r0,785,50,2,784,2,784
confirmation__36508__clean__lime_package__r0,1000,44,6,982,4,985
confirmation__36508__clean__captum_kernelshap__r0,1000,50,3,992,3,995
confirmation__36508__clean__captum_occlusion__r0,785,50,2,784,2,784
confirmation__38629__clean__lime_package__r0,1000,41,11,963,6,973
confirmation__38629__clean__captum_kernelshap__r0,1000,50,3,990,3,994
confirmation__38629__clean__captum_occlusion__r0,785,50,2,784,2,784
confirmation__39356__clean__lime_package__r0,1000,43,5,986,5,990
confirmation__39356__clean__captum_kernelshap__r0,1000,50,3,981,3,989
confirmation__39356__clean__captum_occlusion__r0,785,50,2,784,2,784
confirmation__42567__clean__lime_package__r0,1000,46,7,990,7,991
confirmation__42567__clean__captum_kernelshap__r0,1000,50,3,990,3,991
confirmation__42567__clean__captum_occlusion__r0,785,50,2,784,2,784
confirmation__43100__clean__lime_package__r0,1000,41,11,962,11,970
confirmation__43100__clean__captum_kernelshap__r0,1000,50,3,973,3,983
confirmation__43100__clean__captum_occlusion__r0,785,50,2,784,2,784
confirmation__44277__clean__lime_package__r0,1000,45,6,990,6,993
confirmation__44277__clean__captum_kernelshap__r0,1000,50,3,987,3,991
confirmation__44277__clean__captum_occlusion__r0,785,50,2,784,2,784
confirmation__48586__clean__lime_package__r0,1000,43,5,973,5,981
confirmation__48586__clean__captum_kernelshap__r0,1000,50,3,983,3,988
confirmation__48586__clean__captum_occlusion__r0,785,50,2,784,2,784
confirmation__49069__clean__lime_package__r0,1000,43,7,980,7,985
confirmation__49069__clean__captum_kernelshap__r0,1000,50,3,990,3,996
confirmation__49069__clean__captum_occlusion__r0,785,50,2,784,2,784
calibration__884__clean__lime_package__r0,1000,46,4,996,4,996
calibration__884__clean__captum_kernelshap__r0,1000,50,3,989,3,994
calibration__884__clean__captum_occlusion__r0,785,50,2,784,2,784
calibration__1966__clean__lime_package__r0,1000,43,8,967,8,979
calibration__1966__clean__captum_kernelshap__r0,1000,50,3,980,3,986
calibration__1966__clean__captum_occlusion__r0,785,50,2,784,2,784
calibration__3035__clean__lime_package__r0,1000,42,7,976,7,985
calibration__3035__clean__captum_kernelshap__r0,1000,50,3,987,3,993
calibration__3035__clean__captum_occlusion__r0,785,50,2,784,2,784
calibration__5017__clean__lime_package__r0,1000,44,4,991,4,993
calibration__5017__clean__captum_kernelshap__r0,1000,50,3,972,3,984
calibration__5017__clean__captum_occlusion__r0,785,50,2,784,2,784
calibration__5946__clean__lime_package__r0,1000,42,9,973,4,981
calibration__5946__clean__captum_kernelshap__r0,1000,50,3,984,3,990
calibration__5946__clean__captum_occlusion__r0,785,50,2,784,2,784
calibration__6997__clean__lime_package__r0,1000,46,5,988,2,993
calibration__6997__clean__captum_kernelshap__r0,1000,50,4,985,3,989
calibration__6997__clean__captum_occlusion__r0,785,50,2,784,2,784
calibration__7590__clean__lime_package__r0,1000,44,9,983,5,989
calibration__7590__clean__captum_kernelshap__r0,1000,50,4,977,4,984
calibration__7590__clean__captum_occlusion__r0,785,50,2,784,2,784
calibration__8273__clean__lime_package__r0,1000,45,4,993,4,995
calibration__8273__clean__captum_kernelshap__r0,1000,50,3,989,3,993
calibration__8273__clean__captum_occlusion__r0,785,50,2,784,2,784
calibration__10659__clean__lime_package__r0,1000,44,6,980,6,986
calibration__10659__clean__captum_kernelshap__r0,1000,50,3,978,3,986
calibration__10659__clean__captum_occlusion__r0,785,50,2,784,2,784
calibration__12199__clean__lime_package__r0,1000,46,7,993,7,993
calibration__12199__clean__captum_kernelshap__r0,1000,50,4,983,3,992
calibration__12199__clean__captum_occlusion__r0,785,50,2,784,2,784
calibration__13157__clean__lime_package__r0,1000,42,8,979,8,984
calibration__13157__clean__captum_kernelshap__r0,1000,50,3,991,3,995
calibration__13157__clean__captum_occlusion__r0,785,50,2,784,2,784
calibration__13609__clean__lime_package__r0,1000,46,5,976,5,984
calibration__13609__clean__captum_kernelshap__r0,1000,50,3,972,3,986
calibration__13609__clean__captum_occlusion__r0,785,50,2,784,2,784
calibration__15367__clean__lime_package__r0,1000,44,5,988,5,990
calibration__15367__clean__captum_kernelshap__r0,1000,50,3,993,3,994
calibration__15367__clean__captum_occlusion__r0,785,50,2,784,2,784
calibration__16743__clean__lime_package__r0,1000,41,5,984,5,987
calibration__16743__clean__captum_kernelshap__r0,1000,50,3,991,3,995
calibration__16743__clean__captum_occlusion__r0,785,50,2,784,2,784
calibration__19280__clean__lime_package__r0,1000,41,5,976,5,983
calibration__19280__clean__captum_kernelshap__r0,1000,50,3,985,3,990
calibration__19280__clean__captum_occlusion__r0,785,50,2,784,2,784
calibration__20953__clean__lime_package__r0,1000,49,5,995,5,996
calibration__20953__clean__captum_kernelshap__r0,1000,50,3,988,3,992
calibration__20953__clean__captum_occlusion__r0,785,50,2,784,2,784
calibration__23437__clean__lime_package__r0,1000,43,9,990,9,990
calibration__23437__clean__captum_kernelshap__r0,1000,50,3,990,3,993
calibration__23437__clean__captum_occlusion__r0,785,50,2,784,2,784
calibration__25563__clean__lime_package__r0,1000,45,8,991,3,993
calibration__25563__clean__captum_kernelshap__r0,1000,50,3,983,3,991
calibration__25563__clean__captum_occlusion__r0,785,50,2,784,2,784
calibration__26527__clean__lime_package__r0,1000,49,2,999,2,999
calibration__26527__clean__captum_kernelshap__r0,1000,50,3,992,3,993
calibration__26527__clean__captum_occlusion__r0,785,50,2,784,2,784
calibration__27072__clean__lime_package__r0,1000,47,5,987,5,990
calibration__27072__clean__captum_kernelshap__r0,1000,50,4,981,4,986
calibration__27072__clean__captum_occlusion__r0,785,50,2,784,2,784
calibration__27924__clean__lime_package__r0,1000,44,6,991,4,994
calibration__27924__clean__captum_kernelshap__r0,1000,50,3,990,3,993
calibration__27924__clean__captum_occlusion__r0,785,50,2,784,2,784
calibration__29386__clean__lime_package__r0,1000,39,11,930,4,951
calibration__29386__clean__captum_kernelshap__r0,1000,50,3,981,3,989
calibration__29386__clean__captum_occlusion__r0,785,50,2,784,2,784
calibration__30059__clean__lime_package__r0,1000,44,7,980,5,983
calibration__30059__clean__captum_kernelshap__r0,1000,50,3,975,3,981
calibration__30059__clean__captum_occlusion__r0,785,50,2,784,2,784
calibration__31890__clean__lime_package__r0,1000,43,4,985,4,989
calibration__31890__clean__captum_kernelshap__r0,1000,50,3,981,3,987
calibration__31890__clean__captum_occlusion__r0,785,50,2,784,2,784
calibration__33020__clean__lime_package__r0,1000,41,12,960,12,979
calibration__33020__clean__captum_kernelshap__r0,1000,50,3,990,3,993
calibration__33020__clean__captum_occlusion__r0,785,50,2,784,2,784
calibration__36060__clean__lime_package__r0,1000,44,5,982,5,988
calibration__36060__clean__captum_kernelshap__r0,1000,50,3,981,3,987
calibration__36060__clean__captum_occlusion__r0,785,50,2,784,2,784
calibration__38408__clean__lime_package__r0,1000,42,8,979,8,984
calibration__38408__clean__captum_kernelshap__r0,1000,50,3,972,3,983
calibration__38408__clean__captum_occlusion__r0,785,50,2,784,2,784
calibration__39175__clean__lime_package__r0,1000,46,6,992,6,995
calibration__39175__clean__captum_kernelshap__r0,1000,50,3,979,3,983
calibration__39175__clean__captum_occlusion__r0,785,50,2,784,2,784
calibration__42496__clean__lime_package__r0,1000,50,4,996,4,996
calibration__42496__clean__captum_kernelshap__r0,1000,50,3,980,3,992
calibration__42496__clean__captum_occlusion__r0,785,50,2,784,2,784
calibration__43003__clean__lime_package__r0,1000,39,5,965,5,979
calibration__43003__clean__captum_kernelshap__r0,1000,50,3,977,3,989
calibration__43003__clean__captum_occlusion__r0,785,50,2,784,2,784
calibration__44162__clean__lime_package__r0,1000,44,3,988,3,992
calibration__44162__clean__captum_kernelshap__r0,1000,50,3,990,3,993
calibration__44162__clean__captum_occlusion__r0,785,50,2,784,2,784
calibration__48301__clean__lime_package__r0,1000,50,2,999,2,999
calibration__48301__clean__captum_kernelshap__r0,1000,50,3,980,3,991
calibration__48301__clean__captum_occlusion__r0,785,50,2,784,2,784
calibration__48734__clean__lime_package__r0,1000,46,4,992,4,994
calibration__48734__clean__captum_kernelshap__r0,1000,50,3,991,3,996
calibration__48734__clean__captum_occlusion__r0,785,50,2,784,2,784
confirmation__163__clean__lime_package__r0,1000,43,5,984,5,988
confirmation__163__clean__captum_kernelshap__r0,1000,50,3,987,3,992
confirmation__163__clean__captum_occlusion__r0,785,50,2,784,2,784
confirmation__1928__clean__lime_package__r0,1000,41,3,980,3,989
confirmation__1928__clean__captum_kernelshap__r0,1000,50,3,994,3,996
confirmation__1928__clean__captum_occlusion__r0,785,50,2,784,2,784
confirmation__2984__clean__lime_package__r0,1000,44,2,992,2,995
confirmation__2984__clean__captum_kernelshap__r0,1000,50,3,996,3,997
confirmation__2984__clean__captum_occlusion__r0,785,50,2,784,2,784
confirmation__4095__clean__lime_package__r0,1000,45,2,996,2,999
confirmation__4095__clean__captum_kernelshap__r0,1000,50,3,997,3,998
confirmation__4095__clean__captum_occlusion__r0,785,50,2,784,2,784
confirmation__5415__clean__lime_package__r0,1000,40,2,952,2,969
confirmation__5415__clean__captum_kernelshap__r0,1000,50,3,990,3,993
confirmation__5415__clean__captum_occlusion__r0,785,50,2,784,2,784
confirmation__6746__clean__lime_package__r0,1000,43,4,995,4,995
confirmation__6746__clean__captum_kernelshap__r0,1000,50,3,989,3,992
confirmation__6746__clean__captum_occlusion__r0,785,50,2,784,2,784
confirmation__7443__clean__lime_package__r0,1000,44,6,986,6,990
confirmation__7443__clean__captum_kernelshap__r0,1000,50,3,993,3,996
confirmation__7443__clean__captum_occlusion__r0,785,50,2,784,2,784
confirmation__7980__clean__lime_package__r0,1000,43,10,979,10,986
confirmation__7980__clean__captum_kernelshap__r0,1000,50,3,987,3,991
confirmation__7980__clean__captum_occlusion__r0,785,50,2,784,2,784
confirmation__10594__clean__lime_package__r0,1000,46,2,991,2,992
confirmation__10594__clean__captum_kernelshap__r0,1000,50,3,985,3,989
confirmation__10594__clean__captum_occlusion__r0,785,50,2,784,2,784
confirmation__11859__clean__lime_package__r0,1000,41,5,987,5,989
confirmation__11859__clean__captum_kernelshap__r0,1000,50,4,991,4,992
confirmation__11859__clean__captum_occlusion__r0,785,50,2,784,2,784
confirmation__13137__clean__lime_package__r0,1000,44,4,985,4,988
confirmation__13137__clean__captum_kernelshap__r0,1000,50,4,974,4,985
confirmation__13137__clean__captum_occlusion__r0,785,50,2,784,2,784
confirmation__13591__clean__lime_package__r0,1000,44,6,978,6,985
confirmation__13591__clean__captum_kernelshap__r0,1000,50,3,986,3,995
confirmation__13591__clean__captum_occlusion__r0,785,50,2,784,2,784
confirmation__14263__clean__lime_package__r0,1000,41,6,986,6,990
confirmation__14263__clean__captum_kernelshap__r0,1000,50,3,978,3,983
confirmation__14263__clean__captum_occlusion__r0,785,50,2,784,2,784
confirmation__16030__clean__lime_package__r0,1000,50,2,996,2,998
confirmation__16030__clean__captum_kernelshap__r0,1000,50,3,991,3,994
confirmation__16030__clean__captum_occlusion__r0,785,50,2,784,2,784
confirmation__18833__clean__lime_package__r0,1000,43,4,986,4,992
confirmation__18833__clean__captum_kernelshap__r0,1000,50,4,975,4,986
confirmation__18833__clean__captum_occlusion__r0,785,50,2,784,2,784
confirmation__20087__clean__lime_package__r0,1000,45,5,985,5,989
confirmation__20087__clean__captum_kernelshap__r0,1000,50,3,977,3,985
confirmation__20087__clean__captum_occlusion__r0,785,50,2,784,2,784
confirmation__23047__clean__lime_package__r0,1000,47,2,994,2,996
confirmation__23047__clean__captum_kernelshap__r0,1000,50,3,983,3,987
confirmation__23047__clean__captum_occlusion__r0,785,50,2,784,2,784
confirmation__24212__clean__lime_package__r0,1000,44,5,990,5,993
confirmation__24212__clean__captum_kernelshap__r0,1000,50,3,971,3,982
confirmation__24212__clean__captum_occlusion__r0,785,50,2,784,2,784
confirmation__25736__clean__lime_package__r0,1000,43,2,970,2,981
confirmation__25736__clean__captum_kernelshap__r0,1000,50,3,982,3,989
confirmation__25736__clean__captum_occlusion__r0,785,50,2,784,2,784
confirmation__26792__clean__lime_package__r0,1000,43,2,986,2,991
confirmation__26792__clean__captum_kernelshap__r0,1000,50,3,984,3,989
confirmation__26792__clean__captum_occlusion__r0,785,50,2,784,2,784
confirmation__27588__clean__lime_package__r0,1000,50,2,995,2,997
confirmation__27588__clean__captum_kernelshap__r0,1000,50,3,983,3,989
confirmation__27588__clean__captum_occlusion__r0,785,50,2,784,2,784
confirmation__28560__clean__lime_package__r0,1000,45,5,986,5,990
confirmation__28560__clean__captum_kernelshap__r0,1000,50,3,986,3,990
confirmation__28560__clean__captum_occlusion__r0,785,50,2,784,2,784
confirmation__29995__clean__lime_package__r0,1000,39,9,962,5,980
confirmation__29995__clean__captum_kernelshap__r0,1000,50,3,984,3,990
confirmation__29995__clean__captum_occlusion__r0,785,50,2,784,2,784
confirmation__31264__clean__lime_package__r0,1000,45,4,992,4,993
confirmation__31264__clean__captum_kernelshap__r0,1000,50,3,990,3,994
confirmation__31264__clean__captum_occlusion__r0,785,50,2,784,2,784
confirmation__32809__clean__lime_package__r0,1000,43,3,992,3,995
confirmation__32809__clean__captum_kernelshap__r0,1000,50,3,992,3,995
confirmation__32809__clean__captum_occlusion__r0,785,50,2,784,2,784
confirmation__35166__clean__lime_package__r0,1000,44,3,991,3,996
confirmation__35166__clean__captum_kernelshap__r0,1000,50,3,978,3,987
confirmation__35166__clean__captum_occlusion__r0,785,50,2,784,2,784
confirmation__37390__clean__lime_package__r0,1000,43,3,988,3,991
confirmation__37390__clean__captum_kernelshap__r0,1000,50,3,978,3,986
confirmation__37390__clean__captum_occlusion__r0,785,50,2,784,2,784
confirmation__39113__clean__lime_package__r0,1000,44,3,993,3,994
confirmation__39113__clean__captum_kernelshap__r0,1000,50,3,991,3,996
confirmation__39113__clean__captum_occlusion__r0,785,50,2,784,2,784
confirmation__42246__clean__lime_package__r0,1000,46,3,994,3,996
confirmation__42246__clean__captum_kernelshap__r0,1000,50,3,991,3,993
confirmation__42246__clean__captum_occlusion__r0,785,50,2,784,2,784
confirmation__42862__clean__lime_package__r0,1000,43,4,982,2,989
confirmation__42862__clean__captum_kernelshap__r0,1000,50,3,984,3,990
confirmation__42862__clean__captum_occlusion__r0,785,50,2,784,2,784
confirmation__43916__clean__lime_package__r0,1000,42,8,990,2,995
confirmation__43916__clean__captum_kernelshap__r0,1000,50,5,991,5,992
confirmation__43916__clean__captum_occlusion__r0,785,50,2,784,2,784
confirmation__45951__clean__lime_package__r0,1000,40,6,984,5,990
confirmation__45951__clean__captum_kernelshap__r0,1000,50,3,986,3,992
confirmation__45951__clean__captum_occlusion__r0,785,50,2,784,2,784
confirmation__48655__clean__lime_package__r0,1000,45,4,987,4,991
confirmation__48655__clean__captum_kernelshap__r0,1000,50,3,983,3,990
confirmation__48655__clean__captum_occlusion__r0,785,50,2,784,2,784
confirmation__49631__clean__lime_package__r0,1000,42,3,984,3,990
confirmation__49631__clean__captum_kernelshap__r0,1000,50,3,966,3,979
confirmation__49631__clean__captum_occlusion__r0,785,50,2,784,2,784
calibration__1511__clean__lime_package__r0,1000,45,4,991,4,991
calibration__1511__clean__captum_kernelshap__r0,1000,50,3,987,3,993
calibration__1511__clean__captum_occlusion__r0,785,50,2,784,2,784
calibration__2912__clean__lime_package__r0,1000,41,5,981,5,985
calibration__2912__clean__captum_kernelshap__r0,1000,50,3,983,3,990
calibration__2912__clean__captum_occlusion__r0,785,50,2,784,2,784
calibration__3163__clean__lime_package__r0,1000,43,5,990,5,994
calibration__3163__clean__captum_kernelshap__r0,1000,50,3,989,3,992
calibration__3163__clean__captum_occlusion__r0,785,50,2,784,2,784
calibration__5332__clean__lime_package__r0,1000,42,8,965,8,980
calibration__5332__clean__captum_kernelshap__r0,1000,50,3,984,3,990
calibration__5332__clean__captum_occlusion__r0,785,50,2,784,2,784
calibration__5974__clean__lime_package__r0,1000,39,9,923,9,952
calibration__5974__clean__captum_kernelshap__r0,1000,50,3,977,3,981
calibration__5974__clean__captum_occlusion__r0,785,50,2,784,2,784
calibration__7088__clean__lime_package__r0,1000,44,3,991,3,991
calibration__7088__clean__captum_kernelshap__r0,1000,50,3,987,3,991
calibration__7088__clean__captum_occlusion__r0,785,50,2,784,2,784
calibration__7878__clean__lime_package__r0,1000,46,3,986,3,991
calibration__7878__clean__captum_kernelshap__r0,1000,50,3,985,3,989
calibration__7878__clean__captum_occlusion__r0,785,50,2,784,2,784
calibration__8410__clean__lime_package__r0,1000,46,6,986,6,990
calibration__8410__clean__captum_kernelshap__r0,1000,50,4,991,3,996
calibration__8410__clean__captum_occlusion__r0,785,50,2,784,2,784
calibration__11086__clean__lime_package__r0,1000,41,7,971,7,977
calibration__11086__clean__captum_kernelshap__r0,1000,50,3,986,3,989
calibration__11086__clean__captum_occlusion__r0,785,50,2,784,2,784
calibration__12448__clean__lime_package__r0,1000,46,5,991,5,992
calibration__12448__clean__captum_kernelshap__r0,1000,50,3,987,3,993
calibration__12448__clean__captum_occlusion__r0,785,50,2,784,2,784
calibration__13319__clean__lime_package__r0,1000,46,6,992,6,994
calibration__13319__clean__captum_kernelshap__r0,1000,50,3,987,3,987
calibration__13319__clean__captum_occlusion__r0,785,50,2,784,2,784
calibration__13654__clean__lime_package__r0,1000,40,11,964,8,976
calibration__13654__clean__captum_kernelshap__r0,1000,50,3,982,3,988
calibration__13654__clean__captum_occlusion__r0,785,50,2,784,2,784
calibration__15638__clean__lime_package__r0,1000,41,9,961,9,976
calibration__15638__clean__captum_kernelshap__r0,1000,50,3,986,3,991
calibration__15638__clean__captum_occlusion__r0,785,50,2,784,2,784
calibration__18456__clean__lime_package__r0,1000,45,3,989,3,991
calibration__18456__clean__captum_kernelshap__r0,1000,50,3,972,3,988
calibration__18456__clean__captum_occlusion__r0,785,50,2,784,2,784
calibration__20037__clean__lime_package__r0,1000,42,3,966,3,979
calibration__20037__clean__captum_kernelshap__r0,1000,50,3,980,3,987
calibration__20037__clean__captum_occlusion__r0,785,50,2,784,2,784
calibration__21176__clean__lime_package__r0,1000,40,7,968,7,975
calibration__21176__clean__captum_kernelshap__r0,1000,50,3,983,3,991
calibration__21176__clean__captum_occlusion__r0,785,50,2,784,2,784
calibration__23648__clean__lime_package__r0,1000,42,2,990,2,993
calibration__23648__clean__captum_kernelshap__r0,1000,50,3,990,3,996
calibration__23648__clean__captum_occlusion__r0,785,50,2,784,2,784
calibration__25673__clean__lime_package__r0,1000,46,4,992,4,994
calibration__25673__clean__captum_kernelshap__r0,1000,50,5,982,4,991
calibration__25673__clean__captum_occlusion__r0,785,50,2,784,2,784
calibration__26741__clean__lime_package__r0,1000,44,5,983,5,986
calibration__26741__clean__captum_kernelshap__r0,1000,50,4,986,4,989
calibration__26741__clean__captum_occlusion__r0,785,50,2,784,2,784
calibration__27186__clean__lime_package__r0,1000,45,5,992,5,994
calibration__27186__clean__captum_kernelshap__r0,1000,50,3,993,3,997
calibration__27186__clean__captum_occlusion__r0,785,50,2,784,2,784
calibration__28226__clean__lime_package__r0,1000,44,8,986,7,991
calibration__28226__clean__captum_kernelshap__r0,1000,50,4,978,4,985
calibration__28226__clean__captum_occlusion__r0,785,50,2,784,2,784
calibration__29930__clean__lime_package__r0,1000,47,7,993,7,993
calibration__29930__clean__captum_kernelshap__r0,1000,50,3,981,3,986
calibration__29930__clean__captum_occlusion__r0,785,50,2,784,2,784
calibration__30687__clean__lime_package__r0,1000,47,3,997,2,998
calibration__30687__clean__captum_kernelshap__r0,1000,50,3,991,3,992
calibration__30687__clean__captum_occlusion__r0,785,50,2,784,2,784
calibration__32647__clean__lime_package__r0,1000,43,14,968,13,972
calibration__32647__clean__captum_kernelshap__r0,1000,50,3,983,3,989
calibration__32647__clean__captum_occlusion__r0,785,50,2,784,2,784
calibration__34403__clean__lime_package__r0,1000,44,6,991,6,994
calibration__34403__clean__captum_kernelshap__r0,1000,50,3,995,3,997
calibration__34403__clean__captum_occlusion__r0,785,50,2,784,2,784
calibration__36510__clean__lime_package__r0,1000,41,6,973,6,980
calibration__36510__clean__captum_kernelshap__r0,1000,50,3,987,3,988
calibration__36510__clean__captum_occlusion__r0,785,50,2,784,2,784
calibration__38628__clean__lime_package__r0,1000,45,3,992,3,995
calibration__38628__clean__captum_kernelshap__r0,1000,50,3,997,3,997
calibration__38628__clean__captum_occlusion__r0,785,50,2,784,2,784
calibration__39383__clean__lime_package__r0,1000,46,4,994,4,995
calibration__39383__clean__captum_kernelshap__r0,1000,50,3,972,3,980
calibration__39383__clean__captum_occlusion__r0,785,50,2,784,2,784
calibration__42596__clean__lime_package__r0,1000,44,4,990,4,992
calibration__42596__clean__captum_kernelshap__r0,1000,50,3,986,3,993
calibration__42596__clean__captum_occlusion__r0,785,50,2,784,2,784
calibration__43114__clean__lime_package__r0,1000,43,6,982,6,989
calibration__43114__clean__captum_kernelshap__r0,1000,50,3,976,3,986
calibration__43114__clean__captum_occlusion__r0,785,50,2,784,2,784
calibration__44295__clean__lime_package__r0,1000,43,5,991,5,992
calibration__44295__clean__captum_kernelshap__r0,1000,50,3,979,3,989
calibration__44295__clean__captum_occlusion__r0,785,50,2,784,2,784
calibration__48561__clean__lime_package__r0,1000,46,7,988,7,991
calibration__48561__clean__captum_kernelshap__r0,1000,50,3,982,3,991
calibration__48561__clean__captum_occlusion__r0,785,50,2,784,2,784
calibration__49098__clean__lime_package__r0,1000,42,3,983,3,985
calibration__49098__clean__captum_kernelshap__r0,1000,50,3,989,3,995
calibration__49098__clean__captum_occlusion__r0,785,50,2,784,2,784
confirmation__883__clean__lime_package__r0,1000,43,4,986,4,991
confirmation__883__clean__captum_kernelshap__r0,1000,50,3,990,3,995
confirmation__883__clean__captum_occlusion__r0,785,50,2,784,2,784
confirmation__1952__clean__lime_package__r0,1000,44,9,985,9,987
confirmation__1952__clean__captum_kernelshap__r0,1000,50,4,981,4,986
confirmation__1952__clean__captum_occlusion__r0,785,50,2,784,2,784
confirmation__3011__clean__lime_package__r0,1000,45,3,989,3,990
confirmation__3011__clean__captum_kernelshap__r0,1000,50,3,990,3,994
confirmation__3011__clean__captum_occlusion__r0,785,50,2,784,2,784
confirmation__5023__clean__lime_package__r0,1000,43,6,988,4,991
confirmation__5023__clean__captum_kernelshap__r0,1000,50,3,980,3,991
confirmation__5023__clean__captum_occlusion__r0,785,50,2,784,2,784
confirmation__5911__clean__lime_package__r0,1000,38,11,866,11,924
confirmation__5911__clean__captum_kernelshap__r0,1000,50,3,988,3,993
confirmation__5911__clean__captum_occlusion__r0,785,50,2,784,2,784
confirmation__6958__clean__lime_package__r0,1000,47,4,994,4,995
confirmation__6958__clean__captum_kernelshap__r0,1000,50,3,988,3,992
confirmation__6958__clean__captum_occlusion__r0,785,50,2,784,2,784
confirmation__7587__clean__lime_package__r0,1000,43,3,982,3,984
confirmation__7587__clean__captum_kernelshap__r0,1000,50,3,986,3,990
confirmation__7587__clean__captum_occlusion__r0,785,50,2,784,2,784
confirmation__8281__clean__lime_package__r0,1000,46,3,990,3,992
confirmation__8281__clean__captum_kernelshap__r0,1000,50,3,990,3,993
confirmation__8281__clean__captum_occlusion__r0,785,50,2,784,2,784
confirmation__10671__clean__lime_package__r0,1000,41,6,985,6,989
confirmation__10671__clean__captum_kernelshap__r0,1000,50,3,983,3,987
confirmation__10671__clean__captum_occlusion__r0,785,50,2,784,2,784
confirmation__12160__clean__lime_package__r0,1000,43,3,992,3,993
confirmation__12160__clean__captum_kernelshap__r0,1000,50,4,983,4,987
confirmation__12160__clean__captum_occlusion__r0,785,50,2,784,2,784
confirmation__13156__clean__lime_package__r0,1000,42,3,987,3,990
confirmation__13156__clean__captum_kernelshap__r0,1000,50,4,987,4,995
confirmation__13156__clean__captum_occlusion__r0,785,50,2,784,2,784
confirmation__13614__clean__lime_package__r0,1000,43,4,987,4,989
confirmation__13614__clean__captum_kernelshap__r0,1000,50,3,982,3,987
confirmation__13614__clean__captum_occlusion__r0,785,50,2,784,2,784
confirmation__15358__clean__lime_package__r0,1000,45,4,994,4,995
confirmation__15358__clean__captum_kernelshap__r0,1000,50,3,976,3,985
confirmation__15358__clean__captum_occlusion__r0,785,50,2,784,2,784
confirmation__16707__clean__lime_package__r0,1000,44,8,984,5,988
confirmation__16707__clean__captum_kernelshap__r0,1000,50,3,984,3,987
confirmation__16707__clean__captum_occlusion__r0,785,50,2,784,2,784
confirmation__19287__clean__lime_package__r0,1000,42,7,985,7,989
confirmation__19287__clean__captum_kernelshap__r0,1000,50,3,978,3,987
confirmation__19287__clean__captum_occlusion__r0,785,50,2,784,2,784
confirmation__20977__clean__lime_package__r0,1000,43,5,991,5,993
confirmation__20977__clean__captum_kernelshap__r0,1000,50,3,981,3,988
confirmation__20977__clean__captum_occlusion__r0,785,50,2,784,2,784
confirmation__23400__clean__lime_package__r0,1000,48,4,990,4,994
confirmation__23400__clean__captum_kernelshap__r0,1000,50,3,987,3,992
confirmation__23400__clean__captum_occlusion__r0,785,50,2,784,2,784
confirmation__25578__clean__lime_package__r0,1000,43,8,978,6,986
confirmation__25578__clean__captum_kernelshap__r0,1000,50,3,990,3,993
confirmation__25578__clean__captum_occlusion__r0,785,50,2,784,2,784
confirmation__26504__clean__lime_package__r0,1000,45,3,987,3,988
confirmation__26504__clean__captum_kernelshap__r0,1000,50,5,983,5,990
confirmation__26504__clean__captum_occlusion__r0,785,50,2,784,2,784
confirmation__27055__clean__lime_package__r0,1000,46,4,990,4,992
confirmation__27055__clean__captum_kernelshap__r0,1000,50,4,986,3,992
confirmation__27055__clean__captum_occlusion__r0,785,50,2,784,2,784
confirmation__27901__clean__lime_package__r0,1000,46,8,982,8,984
confirmation__27901__clean__captum_kernelshap__r0,1000,50,3,970,3,987
confirmation__27901__clean__captum_occlusion__r0,785,50,2,784,2,784
confirmation__29383__clean__lime_package__r0,1000,44,11,981,10,989
confirmation__29383__clean__captum_kernelshap__r0,1000,50,3,991,3,992
confirmation__29383__clean__captum_occlusion__r0,785,50,2,784,2,784
confirmation__30069__clean__lime_package__r0,1000,43,5,985,5,989
confirmation__30069__clean__captum_kernelshap__r0,1000,50,3,974,3,984
confirmation__30069__clean__captum_occlusion__r0,785,50,2,784,2,784
confirmation__31879__clean__lime_package__r0,1000,42,9,977,7,989
confirmation__31879__clean__captum_kernelshap__r0,1000,50,3,990,3,992
confirmation__31879__clean__captum_occlusion__r0,785,50,2,784,2,784
confirmation__33018__clean__lime_package__r0,1000,44,2,985,2,990
confirmation__33018__clean__captum_kernelshap__r0,1000,50,3,981,3,987
confirmation__33018__clean__captum_occlusion__r0,785,50,2,784,2,784
confirmation__36063__clean__lime_package__r0,1000,43,9,965,9,978
confirmation__36063__clean__captum_kernelshap__r0,1000,50,4,986,4,989
confirmation__36063__clean__captum_occlusion__r0,785,50,2,784,2,784
confirmation__38410__clean__lime_package__r0,1000,41,9,956,6,973
confirmation__38410__clean__captum_kernelshap__r0,1000,50,4,977,4,985
confirmation__38410__clean__captum_occlusion__r0,785,50,2,784,2,784
confirmation__39185__clean__lime_package__r0,1000,41,3,985,3,989
confirmation__39185__clean__captum_kernelshap__r0,1000,50,3,986,3,994
confirmation__39185__clean__captum_occlusion__r0,785,50,2,784,2,784
confirmation__42470__clean__lime_package__r0,1000,45,4,990,4,992
confirmation__42470__clean__captum_kernelshap__r0,1000,50,3,982,3,989
confirmation__42470__clean__captum_occlusion__r0,785,50,2,784,2,784
confirmation__43022__clean__lime_package__r0,1000,45,2,995,2,995
confirmation__43022__clean__captum_kernelshap__r0,1000,50,3,992,3,995
confirmation__43022__clean__captum_occlusion__r0,785,50,2,784,2,784
confirmation__44153__clean__lime_package__r0,1000,45,4,992,4,993
confirmation__44153__clean__captum_kernelshap__r0,1000,50,3,982,3,987
confirmation__44153__clean__captum_occlusion__r0,785,50,2,784,2,784
confirmation__48328__clean__lime_package__r0,1000,44,13,980,7,987
confirmation__48328__clean__captum_kernelshap__r0,1000,50,3,983,3,992
confirmation__48328__clean__captum_occlusion__r0,785,50,2,784,2,784
confirmation__48720__clean__lime_package__r0,1000,42,11,969,6,980
confirmation__48720__clean__captum_kernelshap__r0,1000,50,3,989,3,994
confirmation__48720__clean__captum_occlusion__r0,785,50,2,784,2,784
